d1,d2,d3,d4,lam
-0.526455433498255,0.05076525621504028,-0.14403474472649427,-0.364302010037287,611.910172624194
-0.4953511855427515,0.0485468247900592,-0.10231351303140625,-0.3286269548399523,587.6473483329346
-0.6111903698604424,0.046644122802414305,-0.07798207875362108,-0.29553994116634885,641.8410106272036
-0.5897093292232554,0.04623337993266927,-0.16683226870129497,-0.31670325296824653,588.7375135998568
-0.4532651397518375,0.05196295800796665,-0.017109678559150104,-0.2849899660561287,600.7029501156691
-0.49138209141623046,0.05143823142405186,-0.0938581742948921,-0.28336955214713044,600.1272986392269
-0.47687907138117935,0.04998580208316817,-0.004790678962719272,-0.2947715005293039,585.6361819600797
-0.4109675528958814,0.044279371900036335,-0.15344782559659315,-0.317950577837091,546.7980665988803
-0.4489563476149636,0.04932146666269274,-0.09299594441903607,-0.2933278050313244,562.803011308683
-0.5518265459724165,0.049069196149804255,-0.07490934120421368,-0.27116930442760045,594.9897298560054
-0.531728747630812,0.047031868775100565,-0.02593769657155616,-0.3014422434829462,600.1851990380611
-0.44503508965106126,0.05026290435686367,-0.08842137432287114,-0.3362965843052604,592.7181338588107
-0.4178291896923604,0.049686046457294006,-0.07833496769008656,-0.2823961455981945,579.2261561348798
-0.4886811834844135,0.04892233818547567,-0.010744162584092443,-0.3108866065288908,611.9424195925786
-0.4889600569934435,0.049993550322581445,-0.02960886474340277,-0.3343438013706148,587.6280992326205
-0.4790041286809386,0.052774182218027314,-0.07297571898310515,-0.33433604699596103,555.5071946893297
-0.4495569580406904,0.049012184872087104,-0.026134735923525332,-0.33444276926922245,589.7210797012331
-0.43361482184607836,0.0501214404557543,-0.13002013006064939,-0.24731524011290001,565.5766677833792
-0.4505370390026063,0.046953879363022484,-0.14458111850685548,-0.2806458385826775,584.5083627796225
-0.42884071246728805,0.04585033292998516,-0.14915762014449796,-0.37597991996862945,584.757871722819
-0.5299220356180411,0.047475302766522044,-0.13264200980301766,-0.3536906384871788,582.518891845682
-0.4648449897985076,0.047457232991506566,-0.16487014037712283,-0.39236505725030113,573.3383190982115
-0.5128143738602939,0.04842369042078297,-0.12929433161580522,-0.26175187078237955,557.3234629866961
-0.43980538493728116,0.04571617726454027,-0.1621427633845931,-0.3379667185195077,571.1965972012426
-0.5529237909588455,0.047778759547470365,-0.03937542147315784,-0.3305257107374773,598.9725677253058
-0.4319491835710962,0.047052661247147784,-0.04773808600001983,-0.25837222924484277,548.4243380313434
-0.39590497076489123,0.04710118734033757,-0.001299988702230609,-0.24463896681054925,534.6416356441108
-0.48746936576395855,0.04627286208822392,0.008889832240548054,-0.32914502800328566,577.0710427402886
-0.47036740237605384,0.04409183593337573,-0.1500112157840443,-0.32755926004702074,576.3625924981088
-0.5354754970819477,0.04576121046307738,-0.05426357798032354,-0.3133968667826337,578.1522234353126
-0.46101874007108296,0.04741556007330436,-0.0778339606725691,-0.27680509082716764,577.8609740599976
-0.4869447308657637,0.047575063230829065,-0.06443409091858822,-0.24059920443384436,577.8925014421402
-0.5735473807344066,0.04710989504679239,-0.10713654601174832,-0.283723332885172,612.4833793189118
-0.4207840826875488,0.048383584444904,-0.05294988149503355,-0.3582521748998497,565.6104617649402
-0.43746949438695437,0.047137143637380044,-0.11904215139341603,-0.2999189301340485,558.5861428386868
-0.48247149980467524,0.04851679508237373,-0.08475947839247666,-0.3183299382824622,566.2134209831308
-0.5171831165840335,0.04919529764906822,-0.13221772366522502,-0.3814079471231874,568.2681478699341
-0.40400851498013257,0.04378573436789893,-0.09496952617488606,-0.30765763820694497,565.0177865048466
-0.5778832158805621,0.04896717154284692,-0.032669362433763484,-0.2993632704451427,652.7774237069582
-0.5398287401319106,0.04297795531236541,-0.10030630877907894,-0.3650375138584509,562.7730630653824
-0.5268021384412893,0.048474275083037664,-0.07286102686642504,-0.34610181287333636,584.9538499944614
-0.500141607215615,0.04842596940783501,-0.012115393763561522,-0.24760110201067567,593.7243419523465
-0.5002201298170466,0.04869912026822605,-0.03403825902698906,-0.2894982780111591,588.9291562001159
-0.440891554916045,0.04506239048260198,-0.09617411009782068,-0.3557481531666351,536.0002419550111
-0.4648950833573884,0.0431816773431505,-0.11387396074196046,-0.3778663368408462,590.4486578507363
-0.4580286562557151,0.04630165040708899,-0.03133434622446302,-0.3104933395550443,560.7460548200618
-0.45062732312019743,0.04764879545828338,-0.08894585734707725,-0.40011817766089464,565.578818444444
-0.5329769018088475,0.044395200067327036,-0.0722011319605512,-0.3111097400444445,582.4294545293902
-0.5367996302266348,0.05011442978560878,0.017735933829880368,-0.36359656254091566,577.0062190852376
-0.5099046849565079,0.04787552875855399,-0.07528524550439937,-0.23016007486628123,570.7330088160322
-0.4732795606080453,0.04677859363178018,-0.08243416074362332,-0.28217585998393124,561.7076403277765
-0.40003740385977404,0.04507868229453766,-0.07538863246210308,-0.3254915288324495,538.8929378117473
-0.49070245199313395,0.048455416972247485,-0.10677187646686734,-0.26643857749946814,571.886635853129
-0.4926880618423719,0.04694363730614692,-0.12037898086275399,-0.3508159942620387,577.2883373605681
-0.42631082030643597,0.04942080095095481,-0.10795407999031784,-0.39575116665552545,568.0667421347548
-0.46231366582632394,0.05334544579807516,-0.06485936879508507,-0.3175641872168729,578.8331478226755
-0.40084159037560285,0.05081237945744105,-0.05235755702992127,-0.34365207767976713,569.0121312923761
-0.5228981963777726,0.04804515401675968,-0.06990775288880276,-0.3538831498712345,579.7381907102371
-0.4736751363098634,0.04505242907590326,-0.10809365928125504,-0.32176042352120005,570.7522518135065
-0.5033166437953244,0.05245976930954109,-0.09183165501105396,-0.36371464147851823,545.2566371603782
-0.43885475938350543,0.046888202856608475,-0.011948553249101199,-0.326959429471682,640.3648296257343
-0.5175271012701321,0.04693176946725147,-0.11311822733546101,-0.32699277999091764,564.2092955764897
-0.4695360457660196,0.0483750981363738,-0.1483682579930668,-0.3135766113668175,590.4083764352491
-0.45234880732480826,0.04595743482832259,-0.13731551909119352,-0.3722147606864737,622.295172007706
-0.48005811759122624,0.04324523908363132,-0.09854409333554635,-0.3911283544765949,568.7800415572934
-0.531885571404908,0.040635189310185865,-0.13683801022388237,-0.37492152914997495,566.8267106013187
-0.4360363750221901,0.04653436517420811,-0.13139453255287284,-0.29533981780038077,569.2754373649924
-0.3954886385935435,0.04185802984274729,-0.031178692685103683,-0.3745916692937662,534.8570787373772
-0.4800181117022731,0.04560532502112619,-0.09075843294181235,-0.32789195559804535,582.490964709948
-0.44539479209188126,0.04861561598743222,-0.053609181120330966,-0.29493343568489366,559.7616374880902
-0.4719455106758585,0.04684348543498839,-0.09575245123178888,-0.29804484454492175,585.4024783665772
-0.4349772916538463,0.04719037752123473,-0.05883918992587306,-0.3073131007762254,575.0180425549513
-0.495246153400645,0.050854036537156456,-0.18118318908848874,-0.381294385383468,582.2839213877809
-0.5398424087263847,0.046793418536745575,-0.09758526804081896,-0.3208178901151653,608.1905175242931
-0.4513014517063122,0.0458705786150113,-0.12342346709477137,-0.30161029787449967,542.8290638711526
-0.6126160569060999,0.0465916573884254,-0.14036241879398947,-0.28153349329833477,645.0574238675049
-0.4945081985867051,0.046953300041042575,0.01707522212917674,-0.30992701598163386,562.0329239080585
-0.4097130292644207,0.045332997062674865,-0.11449344111088562,-0.3162500413877544,530.3171434054443
-0.457130424387394,0.04811008702377617,-0.2010353331905298,-0.2981806208849559,565.0807264524947
-0.38269790269216836,0.045479209157376535,-0.07131006996640955,-0.3298884918314522,534.066269049779
-0.47545450888445334,0.044924059113163516,-0.09115745962750073,-0.3558228440156687,580.8417877590441
-0.5352848852422173,0.04304390618372346,-0.09341967525013803,-0.33229373721112265,568.94844701134
-0.43513629471376614,0.04870167687574239,-0.1229512864421396,-0.3006375802442031,551.7813708827417
-0.5054311048297385,0.04906098376122167,-0.06822871274310316,-0.2983749963635466,578.4143063645477
-0.46558455469278814,0.044997773720676,-0.020442787051241515,-0.33970154010814846,576.0258975857549
-0.4474755507310729,0.04597337033221961,-0.04477959469602621,-0.2798547765663592,572.6947085987993
-0.4644044298035552,0.05376729044373543,-0.07551161777037428,-0.3776467902416514,596.3865027369317
-0.49920251289397216,0.048714081887107144,-0.12984340931252447,-0.301383255400811,569.170319816685
-0.4779456377917828,0.04818986003764415,-0.1041046621216524,-0.33159147087733826,605.421605010465
-0.4253727881380666,0.0435835339410416,-0.08110618988527657,-0.3227054207487,560.784700440353
-0.4124450176878378,0.048158187249684944,-0.10898010222552862,-0.29392878834155234,567.799792878027
-0.5336567812262968,0.046143700693624834,-0.138586564030535,-0.30776545778273473,593.9282309672172
-0.4282363813867732,0.04657766475247732,-0.009780294409838672,-0.2749314223033698,567.5625575310216
-0.4834637392617839,0.048831267204438096,-0.0014634295037670164,-0.3528122368697006,604.7862241481505
-0.5127776270823707,0.04483783938529525,-0.10176867989306893,-0.30541157644572287,585.2518193397393
-0.5248287729135718,0.049380290793671865,-0.07771037460032502,-0.32971083048099564,556.2799552234972
-0.45844890561778223,0.04239845939429051,-0.11611006026934789,-0.29339248344718605,578.5060054041533
-0.4855205551435416,0.04834537148197278,-0.11539016289219405,-0.3274380841966309,589.9803598685271
-0.49550968097650827,0.048713785113108005,-0.01558563756516372,-0.28583360205916397,576.6362012902994
-0.3976944308327679,0.044136974183477166,-0.09508201019819329,-0.25631828010431595,560.0976146539141
-0.515435500905926,0.046293009751778004,-0.04711360699792599,-0.3640789639189612,593.2143106763633
-0.4720699335926161,0.04594977156128162,-0.13256473957677717,-0.29776729952768055,584.0613092949386
-0.42399140805552676,0.04700137655460848,-0.11717479016426763,-0.3219567559375001,577.4827000873657
-0.4104671693169166,0.046794704326831575,-0.17430275237576529,-0.2748003055419535,599.4347423789579
-0.42093842336282905,0.04598961223488741,-0.15062921098656284,-0.37417739301421404,531.6590160487594
-0.5092578133807668,0.044465547250142456,-0.09746957626042485,-0.30642522448066545,583.9199008354273
-0.456170329697497,0.04150086285750637,-0.0566862635086165,-0.3176920439870983,590.9192765103089
-0.4680835826342847,0.04300208170746475,-0.01532102668143355,-0.3596368347088932,598.0388142185222
-0.34795212683752763,0.04506051747138261,-0.08168449115081626,-0.2066050373513103,538.057476356703
-0.4849864650486233,0.044051117207814745,-0.13301515798829394,-0.27815887324719424,555.7106994303525
-0.5302262503315089,0.05147558718429371,-0.05397127541585709,-0.34860415532920697,571.4541245018928
-0.5220410869001728,0.05034495614867238,-0.12328578261814072,-0.3196145388004708,567.966997329801
-0.5288687668515366,0.04700444173181618,-0.05966217568723031,-0.3295875151146417,553.812392256512
-0.49386279454368753,0.0453275904663463,-0.11313045131685534,-0.3586405774610742,591.5788551103974
-0.40707942082078213,0.04621789845997224,-0.08941458225356091,-0.3075476460535902,548.2727176432014
-0.5418398514929651,0.04909166873657413,-0.048922968308958245,-0.3430567170570969,632.1026148484635
-0.445593928681115,0.04870872106090776,-0.17326148190755097,-0.3174392859375912,554.1246411330696
-0.50404286799983,0.050575241908842536,-0.1108780945288431,-0.3717735224092713,577.9188162976329
-0.519632670316138,0.04636006032060838,-0.09724156250847615,-0.39959877951142747,612.2351114571857
-0.43414225711881677,0.04313736474941871,-0.14581761923917175,-0.37075570412002146,585.691345658791
-0.48815176742093286,0.04688016728402501,-0.12269097365624987,-0.3059756886746418,583.3588609033217
-0.5164609439462782,0.0507586052327182,-0.10888407639518598,-0.27300198278024734,564.0251895889971
-0.5281242768757036,0.04592529819968845,-0.13566467998039405,-0.3512684661847226,578.4917926778847
-0.4244919672285081,0.049520562948091165,-0.09530872443787974,-0.2831640276158488,576.5751114526335
-0.4117422201113418,0.05060749293831531,-0.1074263004784843,-0.28991187348668,549.0319710608733
-0.5154087554943211,0.046058169487521755,-0.01082795614213014,-0.301328201652246,580.929956582597
-0.47267219963179924,0.04886008748581147,-0.07516885304149845,-0.32209037901561594,555.3044583377035
-0.4846305108000535,0.04658006107854687,-0.0871527709510109,-0.27263538943409227,578.8108482273448
-0.4985009709987678,0.04587311255747341,-0.13652374614186324,-0.42044192472888353,576.1362624131349
-0.3740732373898907,0.04918616416033573,-0.09558422509191451,-0.2880165021121283,538.0875875674533
-0.40967760663639385,0.05174327636605323,-0.08433876835324221,-0.2850483135327302,583.0980279543403
-0.5144588364634657,0.04719421402403002,-0.04849145193906478,-0.27252874232866053,573.7221257408216
-0.5331293917491188,0.04875560562693373,-0.0035607963430594053,-0.3993019116336203,542.0611736588007
-0.49908814704623494,0.044293368136843356,-0.185566896005845,-0.34875411049959765,590.2792621458406
-0.46715084527646006,0.0495443411659348,-0.09351608566616583,-0.3315295397580557,611.7514062580137
-0.42158742143226674,0.04694741589224619,-0.2153874347425152,-0.30177814160730254,582.4963292862466
-0.497129194502116,0.04587646924665565,-0.12901219530181784,-0.3069589741971807,559.0698028895956
-0.43903526228736584,0.0513286384330089,-0.1334646261849413,-0.28196937834712144,576.6658485322549
-0.4789308040214812,0.04153893454546621,-0.12732092378233734,-0.28641116795905486,563.3463526629852
-0.5239412771126013,0.0461319044857968,-0.08046770114646641,-0.28330902082986437,576.1343824825467
-0.46108655905336027,0.04661497048206211,-0.14872933994245635,-0.36020267518753996,607.4903425100995
-0.41035214216477855,0.05117167567919486,-0.07279916942733067,-0.3049289197860463,564.003906650364
-0.4875199484870274,0.051319048151851905,-0.025933658456815112,-0.37877267547330995,585.8608877195203
-0.4716847460792676,0.051093065225161736,-0.1665315496341977,-0.3801715597142762,550.5013250822924
-0.5113440240038009,0.04874563556127936,0.008368116191077773,-0.252946419724932,562.567297901259
-0.4253161746263949,0.05193898197328761,-0.057268675195532054,-0.3175703305359575,594.0215769847046
-0.4821782426372665,0.05081442601592021,-0.15613350795025294,-0.278612885393469,578.9164833217345
-0.44068263936180846,0.045708718536086664,-0.09790948298104854,-0.3357405300445013,556.6712372950439
-0.48255121846312066,0.0504404497537008,-0.0982070151093731,-0.2780695039460533,562.7765237914901
-0.5458578927283494,0.05167635742739856,-0.022451194168211938,-0.3333723183449514,565.7007279183936
-0.39540928992687485,0.0458546658641174,-0.12265783758379595,-0.35015151797576727,608.672534453416
-0.4888733647350351,0.04769494947859029,-0.11673497980302144,-0.3130661218443139,567.5806654595173
-0.5678812261579492,0.04969293610723192,-0.0795654141467347,-0.27046746731077176,591.2818870953294
-0.4882658849071505,0.0502091674967883,-0.08665725152374877,-0.3726920799328903,601.5380928849972
-0.4779538721941664,0.04981931374049362,-0.047504699941867644,-0.29004310238358155,541.6852927313391
-0.3962846312387153,0.04881674409090533,-0.050031477681336936,-0.31330131689159063,581.842819444406
-0.4770673523030419,0.04272346303299895,-0.04029589316353763,-0.29685025702341633,582.9299576456998
-0.4987571179577167,0.044948389349761274,-0.10260205830444556,-0.32711611725510403,561.3183989160025
-0.48816884788899334,0.04622521413130169,-0.04245784524226179,-0.3113516775687765,605.0754577939505
-0.3562297353085579,0.04792249670798981,-0.06432613435808568,-0.3146589786074144,544.3551728849022
-0.45556696454122825,0.04931018369465342,-0.15905439347751965,-0.3040670923973759,571.1050494523428
-0.4648034273457045,0.052995075136661525,-0.16590750062240187,-0.35665060714495556,559.496645380585
-0.39336439691277775,0.04284908583813393,0.008204178664296957,-0.31272049056439294,543.8060590640549
-0.5691303848744895,0.043371854646527465,-0.01954291231208495,-0.2940726241625938,609.6191495791655
-0.48060791131689795,0.047824978805834466,-0.07297826207689768,-0.27595858829106806,569.1446217987676
-0.46496028717686305,0.04839790424011376,-0.09251231867408738,-0.2652871273557128,596.473405239661
-0.490557122733105,0.04487278060709168,-0.1105093587765473,-0.2864909742974587,571.3074892794997
-0.46215597320697027,0.048121368342578325,-0.07446415302469518,-0.2952120598057707,551.3361426553117
-0.4379171013066395,0.04825950286791367,-0.08546198424528545,-0.3587245934255969,585.5388503338846
-0.5205239734625473,0.04771004793177644,-0.1284154674999875,-0.3442689552318874,584.6404623331262
-0.4826220030657389,0.04694975578237884,-0.10746473199709207,-0.34059324019514753,578.4465668694147
-0.5052917919824068,0.051392595628466556,-0.06672921508741761,-0.34100591551337744,576.2159855612738
-0.5080334793014255,0.046267862716982605,-0.21549707115953454,-0.34283505716844326,579.6688742937049
-0.5619290706191776,0.04937786855482719,-0.07658579273443751,-0.36500619777654064,618.6295798424788
-0.4663573095011687,0.04562517534890614,-0.10636710414678209,-0.35795838620912457,603.7826177696079
-0.5131996202142028,0.04671570623303056,-0.04090467962045706,-0.29692709415374763,583.7514759639428
-0.4386705772961243,0.04624226835123244,-0.08306809671401288,-0.35061358748593696,567.4595855178892
-0.5442045789367622,0.0507739346080127,-0.08356656884121925,-0.27425284371363706,575.9185000940092
-0.45099166025572734,0.04226274068856422,-0.09857401166974597,-0.30716385805158397,585.133725218934
-0.530350908600864,0.046795479566929324,-0.06840092069310086,-0.2539740577430991,605.7222910638613
-0.5121471408775309,0.04981829902846446,-0.11849633298769038,-0.31774363202119194,587.2329358133355
-0.4152336407385893,0.04790355433629762,-0.11363640883042839,-0.34307594338435704,538.1105132927065
-0.38419590321832053,0.05035046624887845,-0.07758423877723158,-0.30388238165151304,541.0501437511762
-0.5239021175056096,0.04999804302259104,-0.183781442165648,-0.3403968061081916,546.2756759865324
-0.5535672499981505,0.04670831154246646,-0.14005103832245452,-0.28448115332922896,569.3218512898601
-0.4410511219968799,0.04727703878426566,-0.10408334854729853,-0.2640204788687674,584.5688727174812
-0.4044404580113468,0.048570787856006124,-0.037843457969750464,-0.30232782304090583,577.8339433422581
-0.4762930013007998,0.04712079584573036,0.06985911589838041,-0.2516485079579603,622.4733552438531
-0.4501908565938544,0.046508922497029155,-0.10851359582121406,-0.30101199956122127,599.902581744404
-0.5308543016340601,0.04393274577828096,-0.08545276698466832,-0.34662601126469605,586.788825595074
-0.5269691628003828,0.047834225503812576,-0.035713112664008645,-0.32736433060310477,571.8028071279452
-0.43378699541276666,0.045403745016879715,-0.10581795858393137,-0.32709129812733456,555.102881489815
-0.4126986838264437,0.048828764754043755,-0.11032162069780269,-0.27414988321518574,521.325296374079
-0.49376121972716125,0.04500445570666932,-0.05742578638435921,-0.2705101500056955,585.5756446231147
-0.4716009914531147,0.049444650119441054,-0.0860176214894289,-0.3183909796571919,554.3364022402338
-0.352354292108664,0.04809936711825325,-0.016554917401934682,-0.329568059603454,544.261472943156
-0.4975735083567416,0.05017210087322872,0.09803796404165298,-0.25951433893625775,615.6027160494403
-0.4365165114286535,0.047714684227005845,-0.09744494623659317,-0.2704645910485693,594.4156827965139
-0.4643412431343764,0.051311989723244314,-0.1366566822203204,-0.2901914055929356,596.7325060163645
-0.4918014060635079,0.051948331503932424,-0.07812334032033039,-0.301252250253352,573.9842363780431
-0.4221830105431968,0.05243747193031204,-0.06932051929756207,-0.3462265878121151,564.6841690881631
-0.4979176795396681,0.047565510357529456,-0.07438297512980271,-0.3924178932510921,578.2178028939152
-0.5140699865500932,0.04765764171574322,-0.0261862317005244,-0.36832946361981084,558.2840543019169
-0.40987384933739424,0.050875779937435334,-0.10315087683298052,-0.3704897767639431,578.0146753332781
-0.41790550893261935,0.047773389845289026,0.005445697342511435,-0.2590932279805704,577.0611950928737
-0.444499445425404,0.05157822504875729,-0.06212826744164686,-0.3321104758397743,587.8724368650683
-0.4946943813605167,0.04748709264583488,-0.11249783445404729,-0.366275015291071,567.6138865784409
-0.4801539710220499,0.047080335631860315,-0.12964816709926585,-0.292929211979609,559.6574525557709
-0.39867102431765084,0.04757748956005375,-0.09561939827557597,-0.3394943176198493,576.3452498800394
-0.4493828075836477,0.047818966540105076,-0.007456760862675646,-0.27737788038123223,586.2941096412588
-0.40185222269976234,0.04488739702481011,-0.07766693438215908,-0.36164847124785027,573.9531035620374
-0.4558449685332331,0.044681650866669746,-0.10026560200351144,-0.32313240395106646,563.9143074339236
-0.489824967577272,0.05058298859887662,0.013831297447292112,-0.3270687321011318,583.2674157415349
-0.45436620110375125,0.049051074973130444,0.013719572360903709,-0.3672841429679375,556.3562861638906
-0.4063209809915729,0.04689099646005466,-0.1447981743174491,-0.32865086664129006,535.1727762288199
-0.5250573175599601,0.048550776524333684,-0.050738261527083155,-0.2208135917405949,600.6420810303341
-0.5319939109487917,0.04560454828864156,-0.16895890361178367,-0.3189488337967958,576.8734062534029
-0.45662973432173043,0.04912710490733729,-0.08992411165262361,-0.4146049625927398,562.6525498372041
-0.40846944500199645,0.04780532140178646,-0.18641165029756213,-0.32165526875480793,591.9130161550277
-0.40466809057497555,0.04534576009663266,-0.10366438345509463,-0.3225700022037325,576.9465953975847
-0.4241838388763455,0.042762406164489154,-0.20001114895758382,-0.3922522823263037,559.0312625307142
-0.3195570033645454,0.04820903865449761,-0.03532359242026686,-0.27335596200756657,523.6798625898001
-0.44920474221453516,0.050216599370248326,-0.03664925651109747,-0.3319745294375493,590.4858305085659
-0.44047372377230976,0.04713554313015459,-0.12553538515989718,-0.31678311528059516,589.0142670857524
-0.4492443245601713,0.04903946692283636,-0.1072906166120059,-0.3467431662635352,587.0560824065988
-0.42539784855056095,0.04753119468605564,-0.10215710454564043,-0.32574647908715904,584.0149640802778
-0.5344511021255048,0.04741513451035488,-0.08913576218745081,-0.3787663727509854,599.8016616060811
-0.43127520102075717,0.04411303860812809,-0.07369730797058437,-0.2733180616254208,586.8694218353378
-0.5255697210502112,0.052106707940580074,-0.09735786998876791,-0.3021659531083628,598.6693380183505
-0.39925561517079466,0.04484571887361533,-0.060563625042481466,-0.3233056677012115,610.7182382849074
-0.4329337661174531,0.043802382520429894,-0.014994772975513923,-0.2682817916022224,547.334022014367
-0.4858643713245846,0.04336280439544714,-0.12130909558643407,-0.29070502665704223,563.6270902007458
-0.5309249760555287,0.04869106826731876,-0.06632142179261433,-0.3058242148078433,576.3488983111827
-0.4354109134980499,0.045072473630743785,-0.10036271130963721,-0.2563705870458941,574.9298359924887
-0.5032599662026084,0.04383798922134237,-0.15687666236504785,-0.27732816808167005,550.0871097560407
-0.5130816738837253,0.04369224921954238,-0.10164998512786436,-0.33666300362191337,585.1902244097698
-0.36580863455729357,0.04541157997241502,-0.017717080407229885,-0.37847681103675485,558.0069425017667
-0.5184171854818225,0.04768108976520615,-0.05964157692058641,-0.33684203573816407,575.7793664244396
-0.4842175449633661,0.047944433311109994,-0.13268486822738926,-0.3271144467978392,574.2875448429046
-0.5312704230745618,0.04779516883106148,0.0259839268123995,-0.3289926557688955,576.5813424019045
-0.5270546608652037,0.048858855163595886,-0.0542887702514986,-0.2678671283352573,590.3886477329864
-0.5149016340295804,0.047695065343329866,-0.1363747281224869,-0.3264075516142727,614.8913482991411
-0.5155174385609554,0.04940931922304733,-0.15945478658403334,-0.3423166476765879,568.5513947723914
-0.4553299612462687,0.04663818257082594,-0.12052166762891131,-0.29389078511760053,587.1217331303609
-0.5576847880955211,0.048869739093520215,-0.07998130569380228,-0.2707121748363392,593.1302868065301
-0.4773896262434361,0.048740224084431134,-0.16936340906955338,-0.24541241548917342,596.9917787998265
-0.5310594775143305,0.04602360702014553,-0.005242305198246144,-0.3187351833296496,598.4468607079441
-0.5397016038808709,0.050426189940962624,-0.10968652922987832,-0.3318786385681094,583.878701113389
-0.5213517207458036,0.04712019664334182,-0.09653706162689348,-0.24965583815275783,661.4389566632701
-0.519046939191284,0.04589615648398581,-0.17170392189831477,-0.246573508660381,592.0521830268156
-0.48291237947710147,0.04256254321368497,0.03044018066819902,-0.3530963803751004,554.7587100121925
-0.3271140485348597,0.04704469496461818,-0.07459826815329819,-0.3547605096857894,531.3689814318753
-0.44231015362468584,0.04836194710101689,-0.02350049539670425,-0.35920571209889934,571.227971232011
-0.41358242061071976,0.04602277551024589,-0.08800228833273781,-0.33170451481818464,583.8725524258357
-0.44308353381113086,0.045332925400852056,-0.01846785555507159,-0.30227978999661786,581.0920926819977
-0.41934541960554034,0.05167520063041997,-0.1329889545333434,-0.34305965988229165,533.6266468399542
-0.4455502758560819,0.048013291970445855,-0.11003643914996886,-0.3389963583744344,570.3707633091003
-0.51115485199793,0.045452246332437884,-0.15844202777006725,-0.29576649508149516,583.7892855678177
-0.4451888025016058,0.04984235588148512,-0.1256271822251838,-0.341084553768195,594.510647484
-0.46293724392880076,0.04807058908927549,-0.032061464966947825,-0.3102131193346759,580.5370927504842
-0.5148372975023294,0.046685714629504174,-0.015239264693922908,-0.31325112517866793,603.1332037969238
-0.46885814513807467,0.0446744027373709,-0.04194773756797514,-0.3621989114817242,560.0993539507828
-0.5885734043634079,0.04756680993147396,-0.09731740060721317,-0.32015849820937486,640.5194284877986
-0.44252264634437816,0.04544925371902498,-0.006327170880614241,-0.30102379668045554,596.0308180787911
-0.4598918929202247,0.04691643688558287,-0.09102918443057782,-0.34720251797651863,580.6041707764088
-0.4145491768184002,0.046575407687955844,-0.013814122146511301,-0.24167637244875567,540.9295023890121
-0.3825648835513581,0.04264714477062506,-0.11208774342230479,-0.28440962578294493,558.0919675059624
-0.4068976200601345,0.043257871073525696,-0.013732679267508388,-0.348573942579265,562.8157527234794
-0.4701939107745861,0.04690614975354485,-0.12542630980630515,-0.3754504853526202,572.4898617683352
-0.4918676857551401,0.04291350739631692,0.016816221341490953,-0.31259065049210216,574.292628024848
-0.48781937654546315,0.04578227647846954,-0.03947965878280238,-0.3673724802930174,558.5558047003534
-0.3825132921132657,0.05004717023574427,-0.07525796682340646,-0.3128683651903214,544.6862626147312
-0.5467975232716671,0.0482047807674685,-0.08292531082432211,-0.22426726407891423,620.3173738154627
-0.41389540785654333,0.049877662820476405,-0.14765886877242163,-0.347222974836667,574.9299608765672
-0.47090452091129154,0.046714972234776796,-0.12333363447422979,-0.3537271179414596,599.0502285689258
-0.5033666793192767,0.05040067795401611,-0.06245422827284203,-0.3562847546350427,594.6231574917462
-0.5837236944637071,0.0442581927155924,-0.1539310950273864,-0.2608609284716017,623.348758981494
-0.4642497685961203,0.04672681719979142,0.0055956498028099655,-0.23776142132500683,547.8620067968053
-0.5313883124064519,0.04880313261509275,-0.0596356735353102,-0.2772060306159774,579.3103354387183
-0.46902248509538264,0.04723817747552122,-0.0760670179496926,-0.2507982020416352,560.2878544959617
-0.4905574120708474,0.04896385400915195,-0.13325219768620508,-0.34955337480117266,535.8567793254217
-0.476567863738078,0.045120409715549224,-0.05005117766906532,-0.35356236124853824,571.0605533392585
-0.47710382806260165,0.050745620233812475,-0.0351976496785818,-0.32770051892696717,564.1611162200644
-0.49908116620720183,0.04754585722986311,-0.08066819721974182,-0.35588048605524647,593.8945612905898
-0.492544402493606,0.05050675403671023,0.009979943090418567,-0.32753555156664693,612.4280717449761
-0.45049678881944677,0.0494925956586665,-0.08845193146939309,-0.35643223752335607,561.3416620494985
-0.4682445837549039,0.04712397298212437,-0.004780749117531791,-0.43863142255474885,584.8949206139191
-0.43812296435640463,0.04547690563937022,-0.09200532125367042,-0.2732471647718312,566.7316535201448
-0.5513099725261078,0.054360705876003196,-0.12625272802385676,-0.2921773359566705,550.2231464078504
-0.4746070372491231,0.04423023614496891,-0.09275325662469666,-0.30237046716050986,574.5329270508206
-0.4306985842195958,0.04737348723911683,-0.06240649710856966,-0.34228212696205756,550.7878678660287
-0.4241072915022972,0.046315935383342305,-0.0699027855242497,-0.29560752353613295,580.8140903236122
-0.59649403167933,0.04667776144991177,-0.13926938507242922,-0.29402011458602517,622.576782918464
-0.3630927396707797,0.05145715865531148,-0.013658657545925282,-0.3002414199510677,557.0755012692052
-0.4246179832219005,0.043333977340177195,-0.05346533690978542,-0.2976536668551273,555.9798540220295
-0.5189035637882776,0.04737412631391848,-0.11657484290008244,-0.3058391536658534,599.8382930972932
-0.44779753920439797,0.05011809681165035,-0.1191712417821519,-0.3137788041339544,597.6288558556892
-0.4996243874413803,0.051125708646043,-0.050801661854946924,-0.3777724573168035,596.9626831313362
-0.459204501554627,0.04735662260396989,-0.04217214161733901,-0.2945122690883406,585.1594626024305
-0.4132237007061607,0.0496739137490834,-0.10605470343987822,-0.3316244914375174,625.8140177581587
-0.4134293642056326,0.04713996397276127,-0.1424860357115707,-0.3755371774913393,557.5063157721763
-0.49293509985076234,0.042310327284345285,0.000638512910763292,-0.31526480414097263,579.8815906598743
-0.48490995462655095,0.04722621249407135,-0.07843501790900767,-0.3207667307973811,568.6356400246477
-0.4562544718713408,0.04774576596750723,-0.09074992039749351,-0.377177712326481,580.7970509482035
-0.5242193196892341,0.04633342769189937,-0.08938778304437939,-0.3397368944238982,602.6979160013789
-0.557812039816386,0.04680564312376868,-0.04499135388240372,-0.29792043414424,598.8707558714151
-0.49116756975386605,0.051323634007176516,-0.012676969076299963,-0.31012757244536177,608.527885475524
-0.5131736575468114,0.046502897102416195,-0.07957659961748294,-0.31715504971209957,613.8773311264071
-0.5062436989641113,0.04592986223437058,-0.07196539906702348,-0.36748671565413643,583.7757305455368
-0.5120846121300077,0.04792474636798722,-0.1212195617979315,-0.3096673462894784,635.2880901504943
-0.5073289849628388,0.043661012603853286,-0.09619663102699272,-0.2788250475392975,571.997829239425
-0.49203687736013585,0.04828496719418007,-0.02698026462677463,-0.28422696293263644,546.2837410318165
-0.5414443060522262,0.04362477236464114,-0.009117063383268342,-0.3885538508675862,566.7603042984063
-0.405356070554058,0.04602186207979262,-0.00557836873133595,-0.2983983542936019,549.8896101919285
-0.4256199691009741,0.052068023346214715,-0.14979459428862862,-0.31969521964720987,576.5825748345661
-0.3990254147361687,0.04278919397616209,-0.0690791304900418,-0.25325861070785366,547.6692147972938
-0.5013302985359503,0.048417543455557537,-0.0888750428204761,-0.3638381167894105,576.2265655307908
-0.43674416765317825,0.051490188398991915,-0.046994730322597336,-0.356722089792332,541.3940954649811
-0.5230777704993229,0.042934630970153195,-0.16546701493672467,-0.3624547018705197,598.5411598296671
-0.44254668297706923,0.044439242591052204,-0.07059167628776941,-0.33454145072730745,559.4055300212038
-0.3878684721714927,0.048058062956384914,-0.05576030380335434,-0.343994896019519,579.3844217751149
-0.4582918095410454,0.04492011064056878,-0.08634295073257198,-0.34143752614061373,598.9823170071915
-0.49342292800373905,0.044830436553797336,-0.14572375704819632,-0.2875653470836535,576.813829012991
-0.5359649884956715,0.05018276031960717,-0.049042318246426686,-0.2906855547852293,552.5559175881718
-0.48109875622040876,0.04569159883057761,-0.07443100940926942,-0.28395828067385387,540.7493615219573
-0.5600374607711845,0.05003776607306386,-0.09872576687811548,-0.3365010112669553,612.6050760029111
-0.40182689906075997,0.04492506238507494,-0.09412635804038962,-0.3119930021075321,587.3843467487654
-0.42513353201039056,0.0475427842013605,-0.08845557122275965,-0.27830390290947987,598.235904886771
-0.5475631188963029,0.04852509211558341,0.020127966239364734,-0.31065499685497916,605.9377020332231
-0.4840273490345325,0.0471281099704989,-0.14351374526434862,-0.3347316835623582,570.8660376401054
-0.41938163119264904,0.04929134186247962,-0.1228893375371978,-0.23984534579187267,570.96486981724
-0.5399375948094394,0.05048232985458245,-0.05259367143532912,-0.3268827235907762,586.4647261893397
-0.4513947377174846,0.04897586184242261,-0.049884228259938886,-0.31422919825602147,604.2021813196669
-0.5184825100207253,0.04429167618827113,0.009708587200941018,-0.3108936624876455,594.7822759914836
-0.45154114630287145,0.04585037656479157,-0.050288308680374705,-0.30287184170019243,569.422563482748
-0.4437017080210632,0.042779293843310015,-0.09375922529999328,-0.2833406469050334,571.1592395472007
-0.45289829727995584,0.04692714334955525,-0.11929902202508655,-0.2947238563882582,571.825099063331
-0.5186319189707839,0.05043295890821521,-0.0028330235210635574,-0.34868888050403457,584.2591189745884
-0.45126354374626465,0.04655652723144958,-0.10457432910390346,-0.36519394981964376,532.1369291708022
-0.41555677951883657,0.04884573530815087,-0.16200413649721357,-0.2876306030722318,556.4328539231449
-0.462600200651802,0.04768640694572303,-0.07577854418413105,-0.2888223666676475,591.1500015302378
-0.4400710642209988,0.04749326672456135,-0.12951167887596404,-0.33696521559771353,585.0963501490099
-0.4118335979164818,0.04254792662417507,-0.13743237990433413,-0.3112190796333183,554.0096005611715
-0.5370957143964324,0.04821191262448751,-0.0412588778334269,-0.3255357306830931,613.7022061182216
-0.41706421056395215,0.04962395095353473,-0.08007951015636297,-0.28772539050824236,551.8600885105853
-0.3423932486308557,0.04560906873300029,-0.07538971627143459,-0.32984839525355847,566.2311518458428
-0.4934573937778167,0.0480820991381187,-0.0851130307238372,-0.2853085224634785,540.8515280668576
-0.5039189176653303,0.04540181499102758,-0.20142473739663533,-0.31125173404468853,564.1646786239892
-0.5275140044469082,0.04470501747226738,-0.035488052429433974,-0.3450585792282499,609.6963393920191
-0.4424207249253476,0.04814733825280526,-0.12047561660431597,-0.2904372090750712,520.2162649333748
-0.4443700213646487,0.05051281152292592,-0.11515924843975978,-0.3013400533711952,587.8328602470489
-0.4485623295823079,0.04516747631683398,-0.11311453767498901,-0.32933766514297425,579.0475723270245
-0.4259838540290753,0.04798901470630835,-0.05834392919810774,-0.3207264171729863,566.1405922801455
-0.41512938472651756,0.040321426604081695,-0.12467132003364595,-0.3617708789574583,612.0089616097439
-0.4342400495539014,0.04377055242515407,-0.07955901941135969,-0.2397063521292232,579.7589774150023
-0.48110654166558736,0.05156782028510768,-0.11964302782048374,-0.3266990690590728,556.1997941392391
-0.5276925043101052,0.045756528813456765,-0.07217429258569369,-0.3226595726594019,601.3424427898794
-0.4621362266172099,0.048402887633733495,-0.10954436852169554,-0.3388144031434345,585.4317336578727
-0.3975386809022041,0.05050942710604628,-0.10610689773296891,-0.24066497003689552,571.8664792319925
-0.4196223859254295,0.04675045555532056,-0.09672519823212224,-0.29930578927185175,541.3556523737838
-0.5021338153474675,0.04674208560791905,-0.08148141337804661,-0.3075560815325834,584.1824794832165
-0.5285004021111531,0.047427080245360034,-0.029818485707419455,-0.3548188197930865,589.8795159282045
-0.533702387653075,0.046794034282861524,-0.04776368411954324,-0.3009499177080202,592.0813110119816
-0.44129161108218196,0.049551562557663714,-0.11961262729596966,-0.30784826409867416,552.3425257024678
-0.5158404054142238,0.04965564258612154,-0.12225541414810995,-0.3156844309070084,617.4574660403224
-0.5051259584361113,0.04895765011481287,-0.08277795275427706,-0.35327594908131416,564.4283763790601
-0.5360914196082882,0.049880432196337574,-0.07349125367734699,-0.31206310093983375,590.3484344154026
-0.5205290098134479,0.04728472645793415,-0.08871939102224127,-0.3006003873592716,551.1944154218439
-0.3869739704898657,0.052415960799106924,-0.14569230125911248,-0.3683572780980829,579.1481825057476
-0.39581068209732684,0.05328901955780915,-0.07157885961427031,-0.2985442977587401,572.362855639994
-0.42515844839073585,0.05143454905068558,-0.026278076226774465,-0.3490706530681954,587.9343839961795
-0.5517783366698747,0.05229415441317883,-0.18041310451958642,-0.38337806983338635,602.2596021571442
-0.5472505973409881,0.0482019597568328,-0.10255239478230622,-0.27716408031791906,601.0599345666068
-0.48818600099101744,0.04857773306692519,-0.05040940469653252,-0.2593606315092635,582.3804052811628
-0.36804886766753486,0.050362156917108235,-0.11445818553086479,-0.3191224753535752,580.9451913492142
-0.5229415459643801,0.04946516856248558,-0.10593102326066889,-0.3568037929154346,610.6583876362502
-0.45909355187359757,0.04651171236256063,-0.10271928529745732,-0.3474603646389728,587.1868923552117
-0.413545565566111,0.04638209816139532,-0.11539359214866157,-0.3966528745471707,580.1992944796623
-0.4093288724571658,0.046264184500910535,-0.10168424907388977,-0.36292773984590715,587.019285249099
-0.4546836401874141,0.04991118758068957,-0.03941321364962651,-0.3076561455483586,589.3661627494137
-0.5216967468647717,0.0453107623205982,-0.023438879930620674,-0.2870958256368474,576.0386945112277
-0.4917837329282044,0.04966940512590956,-0.03255994951648515,-0.38300950787666044,584.6214252974095
-0.3982226622460625,0.04728772463805821,-0.15886351466941687,-0.31204660416604124,565.0534908333819
-0.5142475911921198,0.045956316310855005,-0.1477103516985398,-0.33091192632069844,596.230842754045
-0.413202271952311,0.0480025351456874,-0.10700544706620987,-0.29580673050412837,545.8385035703955
-0.31469849330174676,0.05141032779750438,-0.03286010587127834,-0.33614104390267174,538.6009824067121
-0.5450424936990246,0.048918824487935865,-0.06742299302873032,-0.3082158177303484,613.1624563163327
-0.4481190021057468,0.04902629465217868,-0.15956324461208182,-0.35938296498044275,594.8931856148326
-0.4335840557057795,0.049136870064265,-0.11711547591410877,-0.29053305192676904,562.1732388800549
-0.4991609412123268,0.04894935210965829,-0.0506854081400822,-0.35545342937960733,585.592178221382
-0.45708979290875984,0.049358500775293315,-0.1694869243674455,-0.3163905390406586,563.120743949659
-0.5860553903103992,0.050115241177991224,0.032159482285684646,-0.2893603135668016,566.9095626246169
-0.5043068689522018,0.04753361030841459,-0.056477115358695915,-0.3558655742412275,606.0645928806507
-0.4543403594189888,0.044368523410400366,-0.05892809869054483,-0.30293452008368804,605.5279492864862
-0.3928779673080567,0.04834263078530784,-0.10192315908498553,-0.2802732640949524,554.0578053909927
-0.47678478110078104,0.05045312058120055,-0.11221863910648901,-0.29170350892508584,618.6422212666727
-0.5837993992764994,0.041951706808683,-0.15001398869805074,-0.2845468924056018,586.5173281142452
-0.5183021632450866,0.048050958478160335,-0.15701982346071824,-0.3415866592922246,581.5259849439987
-0.5224694433672876,0.0474087480312441,-0.1467499403684404,-0.33554922141808724,602.864788318137
-0.40788002723091515,0.045658823482513385,-0.08310637164512254,-0.3352633482093631,540.2628707267355
-0.49123569773634107,0.04517060924613833,-0.010481331708803707,-0.3328012285899053,591.173842531941
-0.4550842465510718,0.04586643027781154,-0.03953087310464498,-0.29099134467456883,591.1477247989308
-0.46371951107485937,0.04652376432645934,-0.008751002559065219,-0.2767221617772536,581.2598797169344
-0.4506716213301395,0.048093720951758186,-0.02717787133543611,-0.2888180670720762,565.3659882770336
-0.48071040539099413,0.042569348806737406,-0.10886078987665344,-0.2808513012137615,559.4302550075471
-0.44912067343327244,0.050864014792071185,-0.0485123486863746,-0.2901517824452735,610.139183281514
-0.5511033097421739,0.04566461830712268,-0.04955906323080051,-0.24392549420893606,579.4380549705027
-0.42962390745880696,0.044721552338922214,-0.0905215683866877,-0.3355470405607332,577.8665570814803
-0.49910155623423363,0.049152348963505815,-0.0790691406146244,-0.30405802837841234,569.4780217339561
-0.5503672571682672,0.045665742187289644,-0.0742380290305315,-0.30865488443380995,568.1122208926241
-0.45954949548093404,0.048134414847549316,-0.13645752026454777,-0.32330005808261075,549.5122525582844
-0.49169280380263414,0.04588791145002341,-0.11698119253151401,-0.3402092529117597,582.103913657123
-0.5916188544919505,0.047913678547254326,-0.13412984484018917,-0.28889222865442243,602.8190477691899
-0.48963665682070384,0.04730579745206645,-0.08470181049907173,-0.34887463562486526,575.9606718008899
-0.4894639284178442,0.04429723150643012,-0.004380301232575226,-0.25438265515020936,588.2325696464119
-0.46814998048377915,0.04598992113951125,-0.1563418357721858,-0.33857936542286227,557.661339879598
-0.47193873676279474,0.04939291374672141,-0.1854344950889134,-0.36250480737840746,566.0894519945346
-0.47062941874829006,0.049317592983122285,-0.09823936375853073,-0.36770951341416763,556.2930659419717
-0.4690562456749306,0.0459389792255777,-0.050636840503088636,-0.36885952653627885,533.371356371503
-0.5491958116152332,0.04873071176943739,-0.053378584881807474,-0.2849465878576657,583.2805015477716
-0.4424029608579719,0.04701026902039424,-0.1106475406557283,-0.27800518653274875,571.0422521232356
-0.4083523655695748,0.04210296988825376,-0.0635229384366165,-0.29978820102631204,541.6334325519355
-0.5065754335456603,0.048499397103471495,-0.13250861315526416,-0.2993395869770764,589.6595232460655
-0.5282439131642336,0.05081861108797126,-0.006696262206696363,-0.3718031194392898,554.5887222369212
-0.4750278708365019,0.046220377263026385,-0.09124643272300174,-0.3546860823507232,591.9607349409505
-0.45598223250006814,0.05216322821041536,-0.1063502264276851,-0.2718116038602282,585.4525077035959
-0.5067770175926903,0.04720815904969669,-0.06178174378753773,-0.26730771848265755,595.4249303974174
-0.5960746694175114,0.04692134728604954,-0.08428400356603616,-0.2779345339967698,631.6090189777965
-0.43613939825693065,0.04749240360116595,-0.05341011858587389,-0.3037739704130612,598.9573356585081
-0.44352149413177827,0.04239516805895688,-0.04516109580153857,-0.315157156785301,575.6115729290456
-0.43913851124736786,0.04439215121152559,-0.04362516802047802,-0.32263281518858605,559.7375898488724
-0.4651990026721322,0.04759112466826627,-0.11735924339135423,-0.429191289573703,586.0250056483937
-0.3972358826524793,0.045725285055617286,-0.056849515780184046,-0.32167746080350723,560.7383803354018
-0.45926308368446095,0.04514183456746241,-0.11259206006284034,-0.2873871560002508,614.267118349983
-0.5274738978724428,0.04469795862619414,-0.09929432055585848,-0.33813554415147545,603.0070819254465
-0.49976599146262735,0.04401946470278094,-0.10498640799965336,-0.31784329349981766,595.6838663063738
-0.5531001846207738,0.05078940651884714,-0.06753979580697814,-0.3022433824277555,588.9813113144842
-0.4182128480915437,0.04515347779046218,-0.08781714002226655,-0.2686105084036221,572.1089016012368
-0.42104784737380907,0.042914555281785206,-0.008350839178820027,-0.31073061686530873,568.6018834764427
-0.35912990666957445,0.03971198261790584,-0.09708683420734572,-0.2522046446386304,521.0333907836438
-0.43637013880274644,0.0448392641891629,-0.21079692709800324,-0.2755246641576974,547.7869259921571
-0.4301557538602494,0.04674175748237644,-0.15412090868386102,-0.3638442035874589,604.3126941303975
-0.48725825991357763,0.05094920985486145,-0.16341590163631414,-0.3002845238461139,570.8748327119445
-0.4008815485678353,0.050071370980290505,-0.09040430018422202,-0.2654793137462443,552.6762527541663
-0.4875076327818977,0.04898496714334153,-0.07993316836041064,-0.24852962010747925,594.1889384933339
-0.4710164893212615,0.049789281959496265,-0.13746152595892774,-0.23346092704242644,579.8178342690117
-0.4565554258405189,0.04946350006949249,-0.07803339231001309,-0.39772883155266214,604.3180659936793
-0.4460336586399255,0.05271079805293736,-0.07359994816760945,-0.3070733561045816,567.3507088874012
-0.4458191802791965,0.051652953376842684,-0.13734964854649298,-0.2779284952709934,593.4170211013543
-0.4785870749582745,0.043588778415257726,-0.07309253512869582,-0.27618395456526423,573.159039158961
-0.45202155410899775,0.048134717680045014,-0.06984091433695144,-0.38051533074458577,578.7378677278342
-0.4756540107088168,0.04781003713761854,-0.0033734325881118465,-0.27259102905768934,562.015316877134
-0.4314103572696244,0.04733985304920594,-0.058994135132965586,-0.3167166778818962,561.8395391522215
-0.46289593369450005,0.0491122134922413,-0.06754269404674013,-0.36206246174558876,574.6672089706486
-0.47257167573891906,0.04281315375192565,-0.08768145560287986,-0.3246663201213565,568.1634290423557
-0.5300575573871289,0.050037491158600976,-0.021411611838202865,-0.29811366762049996,579.8717238531046
-0.4966304394245541,0.045265203999374025,-0.0808070082311746,-0.28841898384943754,595.3935603115411
-0.4404259075492041,0.04730425177845171,-0.07350564362278802,-0.3058414206342133,559.3092895963127
-0.4924654235605832,0.0468187442732402,-0.14651330290654238,-0.26796149606842545,595.8072538175428
-0.4511494239795619,0.046073102342519726,-0.07595247890908227,-0.2948876902719555,588.8880239196468
-0.4405818972674147,0.045225587309557676,-0.019047041025870598,-0.3202389256081658,535.2824341159026
-0.495540281385207,0.050080638108678355,-0.13027852543910115,-0.3515384173534048,591.7102043454499
-0.4493371902050512,0.048850863636866096,-0.08090801357893629,-0.35898901132491184,554.5129859492133
-0.5193538285775806,0.04759129339886573,-0.16247440360509385,-0.3074763083363478,569.2105204952306
-0.5396120325749019,0.045719441178482714,-0.0974936432714507,-0.3081269521587912,604.0095797566607
-0.4858787564302367,0.04587342123532452,-0.14008076978346884,-0.37126703423955026,562.0727431384835
-0.5492940757288213,0.04835064999297958,-0.022460529176121388,-0.26193682880391894,619.7564550136541
-0.5730857377528965,0.045470088011745444,-0.14912287120143158,-0.2741144744689643,575.8399084277452
-0.5450043870105837,0.04957548250251751,-0.12880890510415646,-0.24165755145946574,634.8445867358976
-0.4723988676199767,0.04819657881167468,-0.19965329142866167,-0.2875685769332559,604.0011867242476
-0.5131890760765278,0.041348870307632915,-0.07122784231142276,-0.2521334943066737,584.7409445554664
-0.460896625686462,0.052089955585111966,-0.10890110666177549,-0.3012939573856784,545.3305159401333
-0.46837165076684006,0.047490218725940336,-0.18061012865894518,-0.3059438989558966,580.6573842640544
-0.5285303411074828,0.05101310909685687,-0.049319059095574554,-0.3140814673217727,589.0523852885214
-0.4089416568907043,0.04883595419622519,-0.1199989824344623,-0.3437288016909033,554.088645412669
-0.4421901530832251,0.04734529400723465,-0.10493592713510415,-0.24276063018285512,587.1096910712909
-0.48795505293355856,0.04688052738217902,-0.1103432482174038,-0.2504650647519841,577.3982803265641
-0.4353950693753902,0.04633864850226983,-0.15279408253588964,-0.3191681221419295,547.5602507372267
-0.5334486822092064,0.047979178797123066,-0.11381407987151695,-0.2657628136024478,575.7423417819975
-0.4594626901946384,0.04357312061478534,-0.09281165874161147,-0.31455542553699706,550.3822894444506
-0.5477237008562861,0.04679761712058669,-0.0720044877254773,-0.31501513524564606,589.1439714909458
-0.4386876836953194,0.05193900070104662,-0.12609037896310066,-0.3288551275494323,565.0661610213857
-0.4788565812680185,0.04636120982510955,-0.11379914704473479,-0.3493240453767083,542.5687627049465
-0.4868839599596501,0.04699465668267093,0.024726447948036495,-0.3187290951173741,559.7290628364111
-0.41166381284182096,0.045221459714725534,-0.0484791981571965,-0.3452603506039468,587.0933142621917
-0.51705029768492,0.05032997136085654,-0.020073793917768715,-0.2937825706996162,599.749979408007
-0.48240106787245135,0.04685014141076987,-0.10929526704013322,-0.3257944201097537,571.4534684278498
-0.43494924005634494,0.04482157575763767,-0.09617637270253193,-0.2622960831318372,582.7221239116626
-0.4851588011292011,0.04774488190871543,-0.09282064055879721,-0.32024095569910305,563.12199191017
-0.4555127040165888,0.045247333517636865,-0.06381900400940407,-0.27790909506791245,569.3435362429512
-0.49508116223308385,0.04573228197699219,-0.0748661535279678,-0.29972209649008846,573.8834768208256
-0.5210683774836262,0.0515307698308993,-0.11083196932331084,-0.26596115894704525,590.3638115139908
-0.45725605005409437,0.045883765826864674,-0.07547791065458351,-0.3220957697764518,579.379339453015
-0.42941372020107116,0.04697871745364674,-0.02354737933325058,-0.2782238984644213,542.4799107773046
-0.46514154233416294,0.044531170063887876,-0.10220763882164124,-0.27712731660076007,537.0527069422993
-0.44576577022439684,0.04736964870343963,-0.11223118745617754,-0.29257907032075736,593.5034508645967
-0.4165417730712481,0.04827577771904175,-0.12861097496144575,-0.3357516064830312,545.5620737106806
-0.4481276258959985,0.04305792487625903,-0.039788646777036585,-0.2946692097307356,591.4954871846118
-0.4073035898555834,0.05010864025158317,-0.062442010004743045,-0.32014453090706946,586.3223379737624
-0.45050061500080013,0.0467443269235158,-0.035827327733280075,-0.264370069497605,546.1914514165621
-0.43311696022853413,0.04786334773425593,-0.08967940972066045,-0.2740485007126132,551.4980245869206
-0.46098433411202466,0.04691914077409168,-0.02260856572286518,-0.3293311064191313,609.1872783543074
-0.47206277303746896,0.050020550819642365,-0.08987046661502276,-0.30118220613990804,558.8470178928258
-0.43913202331257706,0.04564906628515774,-0.031152329016620982,-0.29377776283758705,552.8334093792861
-0.4755181400573286,0.051168366632094814,-0.09341468219571566,-0.27784962092693766,578.902467019534
-0.5296835680976556,0.051467896918218486,-0.021681662916122044,-0.3153355971533486,588.0115397908567
-0.5667030785545606,0.046855350567190986,-0.11436117504323869,-0.3712322118714401,622.2021725146677
-0.3712211708504465,0.044996003939455194,-0.07808481273893343,-0.26849108252686205,578.8598166187321
-0.49793107930761166,0.04884831380226549,-0.055368256354480436,-0.3461127472557486,557.2621501288368
-0.49282446743284225,0.0499919271763283,-0.1623344849569934,-0.3338676496230146,570.3143755841027
-0.5402072825530136,0.04489260453679917,-0.09414329598173261,-0.28329505537304844,603.5260965595147
-0.5133154193956735,0.050810010716597166,-0.10105360809063162,-0.3233967519695263,569.326326274792
-0.4669347656081869,0.0493672840038161,-0.03314523660874888,-0.30886130382363225,547.1273621381293
-0.4805267116515579,0.04597256150899032,-0.028551686673425287,-0.2890756380083962,571.7764256649239
-0.42254932304452836,0.04814599660982826,-0.11426637044463145,-0.281578544407703,555.6228238778028
-0.4617085024444386,0.04382067682891861,-0.23610173344681185,-0.34359289468361287,574.8825598594838
-0.4348276648553463,0.0498648231655117,-0.0214679788505769,-0.27758007745176805,594.8237542689437
-0.4093486889359025,0.04596437286029893,-0.04096535171286657,-0.20357625252573033,547.9747867885237
-0.5052510537864797,0.04740390152401162,-0.055057922468851356,-0.29986368159657173,622.4746609659617
-0.44049039166669196,0.04864366040142455,-0.13316274815215817,-0.32195883199083075,555.7922594793126
-0.5871373873182191,0.04565105139966462,0.010576705622311028,-0.3544271977910258,574.0105578378298
-0.46728441471854454,0.0477738819807549,-0.04676145426089397,-0.3178936501660675,546.6584468213197
-0.5013528179929496,0.045474834177373885,-0.04814921615660376,-0.3092326737235349,600.7095310159011
-0.4882692605337327,0.040911756679708595,-0.01526270619706624,-0.31076575335527534,605.279834385881
-0.5088719897124024,0.04915173704205816,-0.08191300474164374,-0.3043717236846365,616.7709311123854
-0.44979251123672265,0.04613757380927817,-0.0711339857802259,-0.37841924487561446,613.3550462542976
-0.4159646923449696,0.04915785829509381,-0.17046446654113456,-0.28117890485662933,577.6688599086076
-0.47106628139358925,0.04686704215442935,-0.09048777742016323,-0.3130486602235315,585.3375663938754
-0.49328483303044357,0.048555816346848926,-0.10002920035199384,-0.3155864179817039,578.0463013642735
-0.4639775218610988,0.04701038873891951,-0.08299899240306877,-0.26598169704598096,591.1439402582926
-0.5368111011968568,0.046371173085128274,-0.10907145960246198,-0.36731853775852635,614.5766260532646
-0.41913185874984676,0.04449524309350565,-0.10768875984688182,-0.29647812632553194,591.6821091815807
-0.46378599702605805,0.04462725206547048,-0.19847522462765516,-0.32793045423056993,608.1273397394137
-0.4276212679745094,0.048068230950478276,-0.08612767539882588,-0.30063219875500014,599.2630427400836
-0.39308785814460956,0.04847133439570381,-0.08046317353912852,-0.33495886241388195,559.2497496269078
-0.44659244041326984,0.0460683519395821,-0.07993828564307158,-0.3305983163168869,532.0918746159524
-0.47714244914211595,0.04870027877307421,-0.04055812062006632,-0.3038357708477163,601.5139253340272
-0.5364195875397986,0.03901644181878387,-0.08739007255492505,-0.324827258213447,587.7403558072077
-0.48449542892425385,0.04717996028489779,-0.11767512047664,-0.3400624355303017,588.1132161772193
-0.4971977110771108,0.04995275822680501,-0.18388428130882362,-0.2840669421900631,559.5950611732192
-0.402088339235682,0.04270349535830903,-0.07538245904321275,-0.3552839197606762,574.838652679271
-0.447858771092549,0.047539172971677694,-0.18530288095412678,-0.32731294575211783,564.4737107820038
-0.4193659443789297,0.04750013285377441,-0.14613966257646593,-0.31601170113777843,571.822389541013
-0.43989288207175836,0.04852265395114897,-0.08509154827785886,-0.34124614555849986,559.7583094467191
-0.45185698204221825,0.046452662169672865,-0.04418221484289413,-0.3534653469651041,614.1554897658451
-0.45976179678683265,0.051182612672603045,0.009291363174179626,-0.27351234777371264,579.4149476001085
-0.430425861792885,0.04903883163066403,-0.08410796565495657,-0.36786424408722523,597.5077818443062
-0.4369510168811558,0.04744836759511813,-0.13948325868667025,-0.29574269561315375,564.7691754955
-0.5684387888951885,0.045398430533543734,-0.010510191662645371,-0.3688026691685397,621.1718074355458
-0.5501462158128514,0.049074337461972664,-0.10099959756787359,-0.335928541896869,588.5313000493328
-0.4712320521821589,0.04675093045000189,-0.052404521943810574,-0.26600302529165193,598.6389615339164
-0.4460366336007505,0.05437816500589725,-0.11808046448392177,-0.332407072962722,578.853577668907
-0.48497070473010706,0.048326724686312224,-0.1055641235814059,-0.357563336175815,578.3812177724484
-0.4985312322488119,0.05124604413813251,-0.13642984774492872,-0.31812710809087824,612.476376187578
-0.5087728579260107,0.05042044718217575,-0.04260503757344204,-0.2808177991202893,598.3623204208974
-0.4892714003532616,0.047022820518498126,-0.09042166259891618,-0.31137393466066815,626.3260360893726
-0.4822415857494226,0.04450864280696418,-0.11268797602020134,-0.2996485470743749,557.9406923685808
-0.4269431957576515,0.04674340243157664,-0.08545770093380928,-0.33409214843326934,562.8931988322865
-0.472799237081357,0.04923623625328262,-0.04842058828577212,-0.3167800023796348,585.6320678594159
-0.42484191556910433,0.04170012213781916,-0.06173754857462884,-0.30982775705759646,566.7588730543299
-0.4723299805456784,0.043995486945419035,-0.1283224476615021,-0.31914621303450996,602.9422631967319
-0.4047529646276831,0.044912770166032796,-0.10076291117758301,-0.35311522791243244,578.3467915564822
-0.5026990542711874,0.04079110181076568,-0.15987229980770196,-0.21750021850693482,613.2459053975699
-0.5278288665496487,0.047943618996474646,-0.06519471924396063,-0.3623708034715967,578.6289837054766
-0.5575859007398665,0.048181398239953925,-0.10070997563048434,-0.3314480874919064,584.9393978276836
-0.45043153384474516,0.05114274871480494,-0.10365879133042369,-0.33112602723467005,580.7334282335997
-0.4742056389833245,0.04993564673203427,-0.05114497310111708,-0.3789335644970714,558.0723348206784
-0.5380207812798762,0.04918513991277981,0.024424450174593076,-0.32938340119308285,570.3585163695842
-0.48884729631297635,0.046151723603277996,-0.08849493709417643,-0.2394277481248001,610.39989620284
-0.40710807923406767,0.05179718482458712,0.012839562370051877,-0.2862159728502649,568.0821854734644
-0.5003833477041371,0.04530033352852247,-0.04399063422315697,-0.2994256585288814,580.6547398629172
-0.475418444758449,0.04725616537007645,-0.06516969594383343,-0.30711769728293437,580.2509068934884
-0.47438694596486264,0.044528422512433705,-0.12881410695269235,-0.3434795696701582,593.0835434017375
-0.5112882098612802,0.043963099318090254,-0.08732046174466619,-0.38091373737063283,587.3696120079355
-0.48535332100490175,0.048113809291144574,-0.04111649395898325,-0.29142576796914965,560.2317199491913
-0.5225014205904068,0.0471727653749708,-0.04907060052470952,-0.3084615229453323,592.2497252975693
-0.4571956063198741,0.052091360561263914,-0.12292512144073195,-0.313139587971288,620.8010840304224
-0.4668193894100277,0.046927331566645296,-0.05549847906890844,-0.3016353998884722,582.740273484815
-0.5100996169397986,0.04576753803379786,-0.027822637446627448,-0.3763199827136672,577.4873191644327
-0.4359658809909026,0.048687020337463,-0.14701230147093364,-0.2719672422012919,573.3166797212805
-0.4418200504157678,0.0435398136748149,0.01573156755605938,-0.3433007498843232,585.4447924243368
-0.47186305187249294,0.04242134254100897,-0.1355639169388867,-0.35203261753661325,565.2939732872607
-0.44373868448684667,0.04656116216864648,-0.08374567983351681,-0.296475651040466,557.903008430875
-0.4587585190673905,0.05046354659301339,-0.11520834294325537,-0.2933081068017257,581.1725696034492
-0.4679172696603065,0.04798875951186058,-0.022485844023704973,-0.3177160179947457,545.0660933060484
-0.5154691229119714,0.04587560991956192,-0.09845651877055443,-0.2907873970275386,600.9648042793601
-0.4729644498468688,0.04568670677748281,-0.15642855496084923,-0.2507336642603435,600.6213653761538
-0.4281747028063567,0.04827839860036092,-0.10304570925631816,-0.36565001717544554,577.7623709856243
-0.5855278261116559,0.050150182124080664,-0.02166888665159085,-0.3137222454444226,576.8848609941557
-0.4567005964539792,0.04842924950962428,-0.19303942642746982,-0.371429018742121,586.1515473361063
-0.4776913197150151,0.04502512175496822,-0.09786688902346291,-0.3402024556774881,595.0706191575886
-0.5093813418849843,0.044633924269672984,-0.03212533127395268,-0.2696703836864582,555.0620909911335
-0.5007883544432685,0.04513315741160425,-0.1322069046865757,-0.24063877211486134,607.5183416123384
-0.501539759923403,0.048417987171555585,-0.12081518373930827,-0.3306580251225792,628.9880088691049
-0.49928593391321086,0.04799727663073546,-0.13312246496224028,-0.273788322344205,539.2121579134601
-0.5626476920279662,0.048097020554464714,-0.034684096182830325,-0.2949833045529448,546.5524249873096
-0.47116105174849904,0.04740276438641315,-0.01785022860612137,-0.2533232235132034,586.4988676520318
-0.360357579745386,0.05029269868539399,-0.08239058424285145,-0.29064247168490637,521.8831254688265
-0.5024847573748263,0.04659411345324552,-0.13574410653138058,-0.32348627401003527,619.5998434465215
-0.38753274293112766,0.04610014517857579,-0.1304026143594551,-0.3158062343921473,553.6676306508874
-0.5043959066489792,0.04764541291498318,-0.06974724628947068,-0.22310363200309397,623.0127344544794
-0.4649574956120569,0.04955895225190259,-0.13547316133538254,-0.3402212680170193,577.4297268628378
-0.5384499281261279,0.046692696100415446,-0.04447801532044544,-0.36007404172184765,622.5538631585904
-0.4222915102767862,0.04427278905052134,-0.0068124500544567285,-0.3458270459511498,562.8479722039809
-0.48500624395660746,0.04929428000887405,-0.0943386690132895,-0.3193307999462276,565.697800403548
-0.4985828437337963,0.04752395770772849,-0.1299746443859873,-0.34102520398047337,600.8969078615081
-0.49822573322602864,0.0430026249684706,-0.10371855080142194,-0.3632083543515661,621.2620357355981
-0.4786136242637896,0.044990083380585834,-0.06952576810956322,-0.2612582124874544,552.6033568817976
-0.48184666953105176,0.0450302746884285,-0.024275154219387987,-0.4053344452514646,599.1765210627244
-0.5049104808864519,0.050384303473458424,-0.12691545750053396,-0.29905589811169103,570.5940136359321
-0.4998369669298352,0.047088197916416524,-0.07161811267792319,-0.25750672690450704,582.8835414936548
-0.4472777452131336,0.05041525183659602,-0.09127870152730069,-0.31641943792977983,539.0154360548871
-0.40152723436556087,0.050587427673667994,-0.11696424417569554,-0.31760589343037193,547.3723187389243
-0.551275158608586,0.04757757718377647,-0.08179325408022452,-0.3134131103818343,614.4662552364766
-0.5413225209705839,0.044982591848624624,-0.07812442077646292,-0.3536363615505714,559.6405824954574
-0.4181383834406858,0.04732371835997875,-0.03278520397222898,-0.32963579838872864,575.4143723234356
-0.5010490275865931,0.04448783832890642,-0.07216583089613562,-0.30988251333210043,583.9632511829565
-0.41401927956239987,0.04654349170921094,-0.11631451624431942,-0.3133505475533793,569.0311324385722
-0.47090418603796436,0.045688301661403086,-0.08203554146576623,-0.3240147779893494,589.4708151529073
-0.47542413434529096,0.046896476532431015,-0.05137497734260158,-0.3706127346025078,569.0080496810006
-0.5165658814820849,0.04874001358021775,-0.05631349980318293,-0.2792014120539258,633.4860137521331
-0.5006501798104562,0.05026120587832495,0.028714702770201633,-0.26785259912526804,606.4850209352703
-0.4213535063670989,0.04887726448135539,-0.0977817209467305,-0.3258893565673635,566.1280373872022
-0.4385251919689135,0.0479717147888229,-0.015067201534666272,-0.347562010278683,564.6293007855669
-0.5010405506239373,0.0507273213501029,-0.12286891517393878,-0.29995712864097,566.961708660802
-0.44819520263662244,0.04308089115278675,-0.03787154170150267,-0.2871612780984185,573.4671401171938
-0.4399631654131043,0.04874399802439121,-0.08472797957784897,-0.276281139195641,563.3951756400385
-0.4901602111541428,0.050507509883140934,-0.07460180364540667,-0.26226025497398375,601.4823605649664
-0.42727789378146547,0.049115276612951765,-0.0077156207697439555,-0.29835670805061315,596.8039463222506
-0.5028955080779596,0.050471705717839994,-0.04744054072852641,-0.33262188213481403,607.1520812357505
-0.469374215578026,0.047215634670786696,-0.07583175265255827,-0.3139599127667315,595.2829215699442
-0.5230936418180294,0.03996915091634745,-0.13135483470574813,-0.3603931042537179,590.4401159763256
-0.5298966758621295,0.04916867267590641,-0.021197137455037943,-0.3470651912353362,554.175546188175
-0.42358271052176,0.049040530350952745,-0.09638594338767839,-0.2826554262692636,608.3329870230699
-0.4023360296141418,0.04680909928860161,-0.0872488574799088,-0.3288537615455845,550.562673765165
-0.5002439716994848,0.04114825576036983,-0.08557553115600389,-0.3089461363552429,566.3848634255507
-0.48327711996734923,0.04836706965006542,-0.05431009879899548,-0.20889765453427772,608.4949846520507
-0.41437289718776166,0.047745712977557704,-0.08652702524581894,-0.2917539597578835,543.9824717289908
-0.5209897672045779,0.04702964319572582,-0.012961127346771267,-0.23246812387099217,583.854214312267
-0.5034746757329588,0.05384442228161712,-0.10988942378735066,-0.34084201336764103,565.0758490919292
-0.43331972987111333,0.05078247030525549,-0.06178405623961619,-0.30853914324972365,580.3517567783928
-0.48445951039127516,0.04919171390006043,-0.018517950102645633,-0.27894705498540595,582.6598582989926
-0.4921371268154331,0.04970322663023831,-0.047011959344724005,-0.31206251226720444,615.8302207710134
-0.4373617118494966,0.04844767963373473,-0.1123154498478083,-0.3403922311601048,580.3648077618294
-0.5176347759198623,0.04764052898947096,-0.08295732537680246,-0.3029470741341262,598.3828450188298
-0.4808250488368968,0.04826952643624192,-0.030743913251567216,-0.36675285234809013,561.4724669853409
-0.49479763313218966,0.04379814984214383,-0.02700205575010038,-0.2664591814960631,615.1192618582476
-0.44206272383628276,0.04843417695310349,-0.019659116369446575,-0.31881986930909795,564.9883675752255
-0.5592770154028427,0.04887682439622117,-0.08908841815649815,-0.34668969618671924,609.812418218227
-0.4627891681893595,0.04465805322907969,-0.06604592151294715,-0.25672645125623506,568.4972324862873
-0.5994532063715525,0.0485345996578788,-0.05304116755290072,-0.29916481310804044,586.1111421178975
-0.5001078525660121,0.045033648867832454,-0.15369786012806114,-0.39342485356152584,571.2689800140704
-0.46859438577635626,0.051053524873526594,-0.08730355438657154,-0.33656293652865726,571.6831110451676
-0.5147228760099377,0.048583675502368376,-0.15995797322566996,-0.38887655317814335,579.9596461045996
-0.5267888280345613,0.047543614050258344,-0.09728231627552279,-0.2458756591298949,598.4175104648127
-0.5140314912477141,0.048631235268527015,0.04620036270449389,-0.3103351022917501,538.432040708475
-0.45271611821216445,0.048926483790790336,-0.08054144550660046,-0.2784049654471178,620.0398598565378
-0.49139677266649173,0.046133794012336284,-0.03750262113637751,-0.33071821834514864,590.6040845394003
-0.4253058615905647,0.04950286309301822,-0.04159044308689506,-0.3370793213996875,550.1073065069812
-0.44548584713984596,0.044691998585088634,-0.004151600171568071,-0.30855563127353364,564.0948931352955
-0.4240325261940794,0.04351144840156527,-0.1532582361379183,-0.33728915644708335,573.1382029247635
-0.46963657620328497,0.047250155245794706,-0.11463239837984594,-0.39637141748824767,573.6591035496868
-0.42517617012261966,0.04786382969022695,-0.10227251623311345,-0.3750675896274315,553.1578837670754
-0.5115059302922634,0.047388350461795126,-0.0957325115175746,-0.3352842879354431,564.5541250521788
-0.450178462727238,0.04722604734230836,-0.07198516576229597,-0.25760419873914797,576.5990170828472
-0.4789123803650644,0.04681231175051985,-0.06610337628987506,-0.31765901106286226,562.9602722981053
-0.43086223238312044,0.04497055416238465,-0.06368367315414097,-0.305813419083263,531.5398548681011
-0.5835261107805765,0.050975024806788116,-0.044201491653884484,-0.3275489285532346,624.5948505357537
-0.515086784012968,0.04752278364903411,-0.1348541188843584,-0.34530394293671657,604.687323791305
-0.5429554981098692,0.04900760714720864,-0.05692559247845201,-0.21281688417476585,621.3777398087825
-0.44665183041308354,0.047468128730918914,-0.04698376337006728,-0.3041820153655694,564.806562612034
-0.4900212093180191,0.04961539053785771,-0.05569300714194414,-0.35631713978678176,582.2783234535892
-0.43193161137743585,0.047831114709624666,-0.054575811559073616,-0.3048432388453913,554.2636720666081
-0.4878082124268456,0.0489131526263495,-0.10386314954096128,-0.25597560028079763,578.313609740906
-0.45110648178444956,0.047847666608984415,-0.021026641374436397,-0.2546648014817037,586.6122152356769
-0.5336913451343647,0.05005687559902439,-0.07299951292689214,-0.2953609847255414,591.2063225372254
-0.5340465093264034,0.0475393615693013,-0.09067639753612018,-0.292033012806531,598.5857347732323
-0.5061680997492836,0.04977877345431122,-0.10088452292549314,-0.24954587794443353,582.2899184558025
-0.5152585175332661,0.056162055214991326,-0.08993284844260238,-0.33167652223591043,565.1315145561693
-0.541990703694466,0.051755764887679905,-0.12751871109197993,-0.3755237835446885,616.5518116261181
-0.45904940213344664,0.04713559382361311,-0.061108030039216964,-0.2960208696482285,568.6401131192392
-0.46290873153839407,0.050234761539067946,-0.09440717687732199,-0.2841628447163225,620.6648529583629
-0.397776105756178,0.04101835385277014,0.004504822119234114,-0.3040188588655545,535.1182735067741
-0.44151288202901234,0.04924263354318595,-0.08410157673013535,-0.313061150771818,540.4500488610878
-0.42889834564971463,0.051294668714940414,-0.14523839719434817,-0.3784312806951712,536.0700035070123
-0.4533918890826541,0.0456456584127169,-0.04678184627985551,-0.26096454426827603,577.4111796050119
-0.4696035776989582,0.048414723171749836,-0.06651874886143691,-0.2971898587625128,562.3566528971583
-0.5627806509206568,0.04655093960068649,-0.041372135213670225,-0.31123677711800873,578.7312425521136
-0.46053926068899065,0.045315903406114334,-0.0820058927049341,-0.3206379993472913,606.1654333984707
-0.5311101222564035,0.05059004509980506,-0.06948857928218505,-0.40473121331797945,580.3898723171103
-0.4634372096681959,0.05009364159729684,-0.07249455572345316,-0.23244516698782336,556.2903198316042
-0.508322384389656,0.04845544621146518,-0.027833536859873678,-0.3149913833534938,562.2017232830566
-0.42329560364587127,0.046177862000862366,-0.09792790312005413,-0.32285425987990446,564.9482193883881
-0.4366874397154993,0.0495236928530458,-0.1902055991940952,-0.3316249642231744,580.3394486471515
-0.468080818054345,0.044663913616049815,-0.09977810895431904,-0.2654450059315796,551.5242391652924
-0.362553362450463,0.046598966069790054,-0.03611874503975199,-0.29255299509322064,532.264659177473
-0.4687089006687197,0.044223590070687026,-0.11964332560542296,-0.3344619840318685,624.7859085176623
-0.4363974236760349,0.047704985600051535,-0.029572451194346032,-0.3444924827209274,575.9835390323175
-0.5277445429979616,0.05127293339862183,-0.03723124135034608,-0.29426211766442706,568.4310894673685
-0.5574097914026526,0.04841094831459629,-0.005417328965066276,-0.30460282513190395,573.0851592646021
-0.4064878343560371,0.047799113314776,-0.05164375008079654,-0.29239525027273033,547.2447913343095
-0.4855783123539448,0.049998948621784396,-0.082133264681047,-0.3363775265321502,575.4557459562283
-0.4823257451833223,0.04851587893402841,-0.0467052658204378,-0.25758568628938633,555.2820159363907
-0.46150381146080494,0.04450660850062688,-0.09265483032955368,-0.327233502185564,603.5344929134393
-0.4283577177711091,0.047180694696524555,-0.048730121778468354,-0.24488645428741135,561.7931873005824
-0.5015999267192481,0.04821662082191477,-0.05754499933413816,-0.27710855325861133,574.8890868398366
-0.4637692339138896,0.04913549344514274,-0.1299366315606712,-0.3167496126833161,594.952514714745
-0.3994498102306222,0.04484293247800727,-0.13403308276379886,-0.3624412055040858,557.1659693249198
-0.3681466018327009,0.04454612490544382,-0.0518186524219828,-0.2777796933491095,535.0170837327511
-0.42028887027866424,0.04680861177499844,-0.06838418044897757,-0.35030791770216735,531.4279638333581
-0.5230507491138395,0.04918217009676126,-0.011008632217161113,-0.26055602670482747,585.6832941794099
-0.4608272208807441,0.0515672794338392,-0.05094861678190718,-0.31417156061129636,560.7012147927256
-0.45705209007642267,0.05006800708991698,-0.1857006456420776,-0.2880463758130952,595.8268449555821
-0.47685668681139814,0.04453192530411365,-0.06923075297083356,-0.29798361738341844,579.2988191863202
-0.5171944614934094,0.049621211030805606,-0.07621559050387587,-0.3345786695770455,555.2598594554097
-0.5582729161971869,0.05122135268710529,-0.0753594068690546,-0.29648961269570656,619.1147784526718
-0.46847115685498186,0.04642322057880508,-0.15136802306535413,-0.30522962806058723,561.0899488257548
-0.4595919983711501,0.05220868948048709,-0.08669622726496509,-0.2942709857533641,558.8390207134748
-0.5607249994247901,0.04676652907068219,-0.16194816270557905,-0.3044413386780525,597.2863445067347
-0.452824477893838,0.04949604877074361,-0.08065366377082238,-0.33744904528905106,580.7700771712143
-0.4829279053971761,0.044849545900447194,-0.15265873883075715,-0.34315360300173675,570.0527524091152
-0.5567426902014906,0.04328480256699724,-0.0919143167683288,-0.30454894076157885,609.1247907105532
-0.4189057404474454,0.04544618502864611,-0.13476821005941828,-0.3296803987303673,555.9335092881056
-0.48685943244340235,0.04718946185167173,-0.03195659964152606,-0.29856157254829174,544.2768305771849
-0.5134653392044639,0.04940355687339764,-0.03408449611768863,-0.3040533246171151,580.7709266162151
-0.46040442582615293,0.05033579026733939,-0.030969141698727796,-0.2542559352478926,573.8743927638119
-0.4171194780057391,0.049259210456717724,-0.07936699630082734,-0.27772872384716324,564.8545648747543
-0.5104257470569792,0.04382777730553117,-0.06457663917261422,-0.3295921743437403,584.0788330758659
-0.4330711903917694,0.04731381485564372,-0.12629515243857867,-0.29601883177656996,561.0843933061417
-0.4154202764639936,0.04809008649528414,-0.07574802714440106,-0.25521817776532035,501.0932757091849
-0.47949118768977605,0.04892380953263275,-0.10957565991438195,-0.30557578247936,600.4931393925476
-0.598378348742371,0.04876338570272541,-0.02969656651796313,-0.33319384063389296,593.1510766074995
-0.4975024167748018,0.04554555921583204,-0.015007080244061916,-0.3444241841383046,579.4064464810604
-0.44356657530105764,0.04516260067818076,0.015069347850835746,-0.2518538072946076,563.7944495332182
-0.4594882597290223,0.04858831643341061,-0.060850312930496864,-0.38771788295862464,570.7710204585734
-0.4982010476545083,0.05110222328169985,-0.07696175380121362,-0.3154518402017257,557.3279631103213
-0.47707336083369634,0.04959239114935975,-0.08694294525189772,-0.3619844142301977,571.6980167623918
-0.5530050995753963,0.051489071171089196,-0.09418934893854825,-0.3425518114191094,566.742777104637
-0.4990561921674938,0.04723023394759997,-0.12386455551938616,-0.2676835869240111,573.4141613728633
-0.43976438240352583,0.04959235785434293,-0.13101467662726873,-0.3268875951875587,590.8203261861787
-0.49405086988994285,0.04637359942128038,-0.12750734137921085,-0.35280224075018446,579.9007260771855
-0.42004988147539396,0.05104779328509655,-0.11158128990586465,-0.2984041009621245,599.509873277559
-0.552392453495978,0.046066018308818964,-0.07324902896876703,-0.2436339648868707,573.4245370992033
-0.5016493836818836,0.04789829623879284,-0.06585621284094931,-0.32042195049136823,581.1668583104297
-0.40802491029392546,0.05131024833415744,-0.08441634272383615,-0.298899812930341,566.0716964028885
-0.43135258105238,0.05111950979607635,-0.06502827635680174,-0.283572183317926,562.5246090494867
-0.42426341397168443,0.04529691635194261,-0.03386215113114755,-0.25048559640151835,564.990242391888
-0.47764636781020436,0.048086288775033105,-0.14980764332701324,-0.24101104647323018,582.8020492424979
-0.3912656034994361,0.04583513385103195,-0.08818241007857945,-0.3743429465812326,567.924980786469
-0.4770930609227513,0.050846549142030184,0.00461928857305402,-0.33158556372019504,605.9708748698819
-0.42477698102127814,0.04611647212877996,-0.05189017343664481,-0.3687182919304741,580.402598623785
-0.4532813026802521,0.05122801708160019,-0.14127972177275913,-0.3095947324179425,583.9818097392983
-0.49148191324117796,0.046214371737187065,-0.14057956808059555,-0.3306167160752969,603.9302732286081
-0.40812858113327394,0.045774284543961416,-0.14730413372101314,-0.2993338731068378,555.7667501837359
-0.5017459545815369,0.04590971364507757,-0.1706181210942017,-0.37218007035599465,581.5676825254099
-0.4906799601595901,0.048409568075773894,-0.1302810741389755,-0.3836805116542823,614.7488788357311
-0.4534984724257357,0.051913908375255446,-0.006132335026501318,-0.3960688549777367,551.92216357634
-0.4237788001020039,0.04906715295983833,-0.029931265623379763,-0.4347011707992629,563.7611011620849
-0.4456654957057064,0.045863228915577134,-0.09694313449176746,-0.3130758158381789,556.3423974791853
-0.46577655651489125,0.048779888188721,-0.08539319722957579,-0.3342101899415198,591.7791028713832
-0.4816477416865197,0.04981824021746795,-0.06242997332170529,-0.2896236423234421,576.2309618810871
-0.4888412970716128,0.04510151786620334,-0.09742586293794012,-0.3438001448762826,616.0808064717097
-0.5437672716303495,0.04703641129269877,-0.07087248744811385,-0.39710409570542643,629.4300378396812
-0.45997122282238917,0.052116792777561836,-0.07255202990633074,-0.3812040443880111,579.2861448429346
-0.43670424921807605,0.04907359620338779,-0.11812158520462977,-0.26072744298724077,556.3136504555878
-0.427258949083839,0.04523926464444313,-0.01392088551085506,-0.33603307491315915,584.1074873225086
-0.5000407292088325,0.04738639225887801,-0.011361238973970386,-0.3559986969988625,578.9495507166681
-0.47851493169900805,0.04566382064817063,-0.1325737542729408,-0.325248032915595,549.7147822522912
-0.4498347019691538,0.04541490080501074,-0.0206756907422872,-0.2731403678487935,556.0979787532884
-0.4893873258428676,0.04773082944356012,-0.03724933258654918,-0.28248677036418757,543.8341767008912
-0.5028123979637836,0.04974936956067828,-0.0943690303760143,-0.29504352421406926,583.7556136197551
-0.5523198528386299,0.04745786222268559,-0.06981663296363325,-0.22812772953766372,575.67136529972
-0.5492422116715616,0.0481205171855297,-0.02801702760719227,-0.2867752239437009,620.1423220340204
-0.42393559614962556,0.04522025655678592,-0.06926410255746682,-0.3388235581965525,557.1104009766499
-0.45658293745332656,0.04829262315041382,-0.07186539348931613,-0.29428839199022855,566.9831044180221
-0.46383230768259504,0.04816414365514567,-0.07257486719049801,-0.2984477032077406,575.2226642508961
-0.5182629038580135,0.046133012508728345,-0.08499074136237693,-0.2689619368783813,529.7999555900386
-0.5007917810087408,0.04580287233251407,-0.16115094497833604,-0.33804778931236834,577.5406485079058
-0.4931002676717019,0.04652883013096131,-0.10381438893882805,-0.3112125775841067,568.7321657199499
-0.4938349591129643,0.0463660808814314,-0.03789613841335914,-0.29399372731765305,555.9381532409548
-0.4720063735949855,0.04629813473258352,-0.07224171563434763,-0.33990741045321204,580.8304231148821
-0.5463843555296102,0.04765286660645107,-0.12462902960319386,-0.3300261560766313,618.3692410747536
-0.4680646881702323,0.048573676911663234,-0.1001105662348152,-0.35379827610949766,555.8609789914065
-0.44281167295505447,0.05060967582386075,-0.08440357482766501,-0.2932401078686907,591.6730632875237
-0.5019769800374004,0.04349634329070891,-0.151974188231561,-0.3100758663635472,565.6043683322381
-0.504838457145947,0.045807526410495764,-0.07683137612526547,-0.3906480177552865,582.3243903301778
-0.43015489688133524,0.04830823441670416,-0.1073935892013105,-0.347015823016222,578.2822536546743
-0.4324381006591769,0.04729693814814071,-0.05772592245797165,-0.31872379216809765,572.1643919721641
-0.5292711108761322,0.04506460202563771,-0.013331536236629055,-0.27608600175404796,635.0938964097445
-0.4391188755909467,0.049871981765641026,-0.09610451539340222,-0.23599663663334156,543.604784566756
-0.5212388018757598,0.046026910270941676,-0.17339955790367906,-0.30692625199045753,606.8071555664148
-0.5733297231267631,0.04428173363818005,-0.08722873650334614,-0.3563653359574226,598.5616593773586
-0.4244968250445236,0.04778771584719415,0.021717686818275475,-0.40556896059928677,507.45368455548396
-0.5455911128214079,0.04234256463038463,-0.12092179487024629,-0.2863752533382007,627.7760995944725
-0.5818232184534856,0.044028220699027246,-0.1251009479392396,-0.39393836446093766,589.1679934519616
-0.4865082380783628,0.047351434331011195,-0.06526221764510355,-0.37771876069536753,602.3971530079984
-0.4475497692000111,0.04560271755026161,-0.06724013338036941,-0.3072930667454215,538.2848796873428
-0.49589097134790977,0.04922470313564885,-0.04644270105119577,-0.36496855350074603,594.8744981371055
-0.5005017555733281,0.04954688476940329,-0.09965920906492351,-0.33129490851422094,600.8167203490366
-0.39019359238334383,0.05075360560691846,-0.03188948109344659,-0.3528234288405434,552.7636046097072
-0.5817096317459876,0.04923337419910129,-0.10749029095704574,-0.38588921991143665,550.3685693734578
-0.4608784091250365,0.04541194608862067,-0.11752512200538688,-0.3375419438508499,575.4733249139596
-0.4657297315694766,0.04898663025043664,-0.11265855793855512,-0.29717916152719076,591.4003612983438
-0.4232632183225845,0.050522214347779294,-0.12396736354240573,-0.3474652620656007,588.8495625477716
-0.49810488018253024,0.05043883115345419,-0.14327068263397497,-0.28251111091569836,617.849925948547
-0.490576649309125,0.04675827791754052,-0.13805565770592698,-0.23984382003315846,595.7944635641229
-0.4852924481122043,0.047480711253322,-0.08982396392450782,-0.33259772837961626,566.7699563847689
-0.4164576566857149,0.049087545433138056,-0.07955715758911658,-0.280237269331169,549.4361658615135
-0.4954085223939032,0.04856609613554532,-0.139961626563913,-0.3842404793551668,567.9906736731367
-0.5692861210499698,0.04844586207877891,-0.08728905200152635,-0.3535167593559608,613.223055069299
-0.40970965640621004,0.04970399100996216,-0.08920918858464243,-0.35923454779655184,562.5965712653456
-0.4739976210558061,0.04714070150085748,-0.09759632945643704,-0.35676156787097824,568.3665361350098
-0.4092542849306583,0.043210506336520106,-0.11234359038130706,-0.35150068565492404,547.710213087982
-0.4374068046719665,0.04678518341415204,-0.07971709321059219,-0.2804101349585719,596.4141673397933
-0.5008671632656234,0.04671336368706399,-0.09008482217048218,-0.2985784258681356,544.4645573024663
-0.4354215793636467,0.04611088998493865,-0.07329890623367097,-0.39343282733687207,573.1850651441015
-0.5156814302066814,0.05010246044239851,-0.033536612591023925,-0.3571556247734473,600.4844417463197
-0.48600800612962236,0.04905295134447033,-0.052917003334963894,-0.32970465432778584,593.1435639629908
-0.48407756640774335,0.048670401687270194,-0.01125414090495283,-0.3142379283345295,575.7008180275587
-0.5071678237089015,0.04487105279664026,-0.07157569513353249,-0.2831608768052828,553.218449935671
-0.47071799210597964,0.045072674825362646,-0.06501523112963399,-0.350722979391597,584.45220470314
-0.4417020695812924,0.04945709844980964,-0.07084944256615111,-0.2659837438825851,553.7306062166627
-0.45250258372879,0.04393215701729608,-0.04355805833877618,-0.31230479969643293,583.7524308334231
-0.4509965927275513,0.04807596258944689,-0.07236376374416002,-0.30074003267874794,554.158420699675
-0.45083700195563303,0.049460959940755445,-0.15243692775911688,-0.34837983998158867,558.8734434068357
-0.4579599232907809,0.045274830818828875,-0.07849317545035964,-0.30657948752214065,559.5319322910324
-0.5244047155768907,0.04664626098681397,-0.07583976172893546,-0.2934404214554894,558.2321766666212
-0.4372958003674233,0.04615170901940132,-0.11224649647027299,-0.2380155418537709,600.1871506110086
-0.4449377875856032,0.047911788119451786,-0.07969282808898406,-0.3411923879571599,569.7266642752509
-0.49207475204742945,0.0438058141322871,-0.010603305226740176,-0.2439561756571173,574.9239877062652
-0.4535200148662676,0.04535571821020376,-0.1530657167233873,-0.2968359615789403,570.9132947907299
-0.4198464275598592,0.04468488508933634,-0.043862986885676906,-0.29030317718049814,574.2470005471866
-0.5284701774309292,0.046209177003046886,-0.031240192772715267,-0.3223835438312108,598.2726480625607
-0.44914077320581386,0.047935439858465455,-0.01295911069452338,-0.3304737218089066,603.9152244228766
-0.518932797903015,0.04974085256483826,-0.057187252942703305,-0.35950524640591014,604.7104063904019
-0.6078263614188183,0.04430842159625612,-0.07256251620091378,-0.30582772846750783,621.7978117899943
-0.49427544320143163,0.048385574562853015,-0.06311246883473397,-0.35991262961862763,554.5198478065571
-0.6353426054021941,0.04794930056402134,-0.12120260023414113,-0.28349599336391684,607.9054777002716
-0.40106274267557424,0.05186190018928181,0.0032103634032200207,-0.3919002202685343,548.5296514602924
-0.5512950395455488,0.04691159518813277,-0.10900696706016352,-0.3524301040148734,591.882039644624
-0.5259357666594804,0.04812534251071493,-0.11051035320645117,-0.3305451210727717,573.0071703112586
-0.5193010552535505,0.05031900575454663,-0.06670711609218082,-0.31726956561813446,607.4331627282118
-0.3966849670363638,0.0480581431453405,-0.16564575061614734,-0.34788607218734435,585.4915918019467
-0.5021243811058341,0.05027448566475102,-0.08496249716064677,-0.27628323084787426,579.6810000329342
-0.5674156425546952,0.04828954395714575,-0.07157445797772775,-0.2986939520810629,611.4687703631838
-0.43561695305235393,0.04425809195509166,-0.09655836207866023,-0.3738783609659458,566.5905908683787
-0.46970646217743023,0.04795513289694022,-0.10461976469817313,-0.28494673073435045,583.6742787991695
-0.3697324524271702,0.04950183252651154,-0.08601830869109976,-0.29807215153570693,544.0293449777803
-0.5076507592941749,0.045151404214600156,-0.048351443023459985,-0.34687941387849064,578.2109619751303
-0.4812244160805994,0.0485881951326661,-0.14136388123221927,-0.3400722064072198,596.6164198573805
-0.4241107646433856,0.045686698393020385,-0.08293930193033981,-0.3243056535991401,570.9689468674363
-0.4636316466566919,0.04959035892542496,-0.05126815606074541,-0.27157894566871343,581.483202188373
-0.49979861019682426,0.043904265519551074,-0.12399389349419243,-0.26282314777661714,576.6404421384834
-0.4962414041233939,0.0468645918533451,-0.0009010717724156347,-0.24011239712983085,622.0685367723962
-0.5217556867980259,0.046103176120314955,-0.02296344887131386,-0.31107993596907857,538.5755273707277
-0.4080116881729321,0.04540838028011708,-0.01344476518174939,-0.3934336887449683,535.9188852444645
-0.5156238408850065,0.048275622821728294,-0.0741137718819589,-0.3592922800479941,605.8956245429872
-0.5049211667513066,0.04888913188430571,-0.1527275017713357,-0.3345036159263119,603.5839665158161
-0.5144180148556551,0.04778240617186027,-0.04974349137168469,-0.3079926952650957,615.4020004924354
-0.5758252900457453,0.04646969892658626,-0.10151845398955882,-0.3800793957624848,613.381650108085
-0.5166932685911836,0.0461906981068183,-0.07159903001899601,-0.41510918482231063,610.8808597383112
-0.44310267211134374,0.04816014286549211,-0.09958992086217984,-0.3764765185013219,579.0560205688897
-0.41446058231604266,0.043533492568413885,-0.05244634131659528,-0.31817057987034597,583.5807774341838
-0.41043100791544,0.04755958666753729,0.03954265228783711,-0.2648877515490404,534.8950983820233
-0.4843814305308832,0.04814117460566393,-0.0679380436438099,-0.2939956874957413,617.9666033807439
-0.3845596738958461,0.046523117324730724,-0.11155981546860802,-0.30823576032468597,558.1447107002512
-0.5046898516221706,0.04873490988937114,-0.16406957288592988,-0.352838091806101,606.8987347748641
-0.5003843890040788,0.050212225186256176,-0.07642104106935413,-0.2906502527854921,573.878278731307
-0.4921781659134759,0.049737611794124524,-0.08551803264593671,-0.2856441666105831,620.1722485576308
-0.4607480441040214,0.04908794849014123,-0.10683989742856562,-0.3039251608509516,559.348273390783
-0.497573336671343,0.04204066591857126,-0.057007696744411585,-0.2917420208920489,558.0935161353207
-0.49588192744964854,0.05204321998883318,-0.12067264190410609,-0.24474558742167302,599.0625167237747
-0.512891272761921,0.04607640151962205,-0.11522258829992192,-0.2901458496622632,582.0598007120403
-0.4411689870268094,0.048136468645442916,-0.045825389174730724,-0.3210890287027525,565.0308574235537
-0.4515783413820253,0.04994102899223625,-0.11732107319871149,-0.3089036524843558,588.0441483186988
-0.4908066400425373,0.04737530383775199,-0.10633806731212492,-0.29337782041068206,618.5142008701005
-0.4257114757378409,0.053589287232437874,-0.11186368137419905,-0.30571090054014255,543.3009896342662
-0.45337957968867393,0.045073356284130645,-0.051690175190065205,-0.3220680159511395,578.8672567884848
-0.42901814855900733,0.044090529882074264,-0.0587889135563881,-0.2835121166717676,593.332920798637
-0.4290777074558666,0.05411499900200054,-0.22144480061858973,-0.29107953756934307,541.2529405430553
-0.4802515593729125,0.0489723974412829,-0.06556609577160413,-0.3483166737250689,585.5270860166363
-0.5405883402085109,0.04979766135720806,-0.17819671210387028,-0.30630708032641457,621.2740251230219
-0.4962000912415973,0.04719087058709708,-0.1687791187523538,-0.31095708637373476,594.5095118085827
-0.4974656605311603,0.04578060934790213,-0.03139215605254869,-0.33088438002086196,557.9520153364789
-0.4241795231763731,0.049792294213942226,-0.10524163587062248,-0.35025511679469085,541.10062197781
-0.4554695744906078,0.04961089776298053,-0.08302762657106527,-0.4141012376250326,584.8953845166543
-0.4747835635669028,0.049712541793528006,0.014466632217486966,-0.33271769173022137,588.1997853409404
-0.47827686981508966,0.04673730749206265,-0.05615077681240574,-0.3542498015596284,598.7332404484123
-0.4728058315985506,0.04834706211091114,-0.07914223427232718,-0.3132108476774504,569.5356353757804
-0.4064927614303602,0.04233246280328117,-0.07377684566530257,-0.35682216751784973,562.5642996040852
-0.5089761603503341,0.04510849144527507,-0.13417427137175958,-0.38045627304925733,593.8299487016997
-0.48987959775419754,0.04573999826769558,-0.03980476978941944,-0.3144669719586397,599.8277525172788
-0.4056222834571903,0.05038748601068218,-0.11465322744165216,-0.3227895115115317,522.8014984979751
-0.5089095722633687,0.04962925056962141,-0.0550918412123487,-0.23016524658097443,610.9172691577152
-0.442762241932338,0.043259960559049904,-0.04887407299088147,-0.33374519304587524,549.2548673000585
-0.3687455552752321,0.04436746800694776,-0.18502942068667316,-0.31567447838837254,574.5422906817217
-0.48236886792692835,0.05325077175874586,-0.07213668345976201,-0.39284753904663716,575.208831958374
-0.45250965533178383,0.04904848646910906,-0.07786663135537585,-0.26412586215699074,596.1961428598984
-0.4800689516655139,0.043681087115359916,-0.04624383148062775,-0.3045804480901803,553.870252088111
-0.4339520245288997,0.049569193433221775,-0.03216763783689338,-0.31272599011391433,615.3835344729729
-0.44861538858675937,0.045287990972821913,-0.04426796613479454,-0.30403298017021696,604.3070448946421
-0.5167311130492616,0.05133252482672601,-0.06839350233899581,-0.2601218137772667,584.5590682445884
-0.36749650972480935,0.04645029022510605,-0.09056565713543502,-0.32766116674507495,546.9428402050967
-0.4211436546549906,0.049806000453875426,-0.11388705043365156,-0.35052765413679793,568.1956652069122
-0.4779061028138967,0.052219045430936833,-0.09054929268861153,-0.33086029677028356,563.865941838993
-0.5446293594472107,0.042949910337825456,-0.05754143232019163,-0.3118438772103579,617.7928231064277
-0.4579188929135537,0.048120706300065326,-0.016072613809840805,-0.37702123071280647,541.034750593204
-0.5158410244034929,0.04372126559793837,-0.04517759384589111,-0.28485132246819184,600.6032055868668
-0.439968358133157,0.046029406859267034,-0.1006440986629275,-0.2702287946371853,571.2413827186324
-0.48976368678208226,0.04552073522367457,-0.12909869018718406,-0.28294844564435356,570.8847376528005
-0.4480292471804502,0.0417612694506141,-0.0907564530365354,-0.38332859432025573,506.10906794119103
-0.538874259439597,0.045273778792453326,-0.12628161605019272,-0.3200678917876187,584.7006681633577
-0.41722689749736347,0.04890416223582626,-0.10629316056217793,-0.2775853180157019,580.7763991327355
-0.45905161131041744,0.0488282822993736,-0.0998198175409647,-0.27543307888508534,573.2351051631304
-0.5600091111651846,0.04752536356808297,-0.10615830525790773,-0.354021216687344,618.6442342498642
-0.5128239650733724,0.050353449905381355,0.027322256144771767,-0.2908109392171568,562.2471373723503
-0.43771422845356905,0.050427981011644536,-0.09794072590126271,-0.29919188016165127,550.4433409180903
-0.5297648358509839,0.04897746835557904,-0.09117543516664382,-0.25297966592673765,571.9131178874177
-0.4079210179511546,0.04558511283684534,-0.030446022875544237,-0.3181063350188269,537.6130662000063
-0.48732961384668816,0.04726349327449863,-0.022249891846121306,-0.3586341266941503,584.5539919881267
-0.3904884689906012,0.050906426244492035,0.04573688246914222,-0.3056018624792648,562.3620919891962
-0.44447674236045503,0.048647250503142246,-0.1214868718501814,-0.3543962661931258,595.3325252626771
-0.4836353792748106,0.04555950023735564,-0.06875041447755995,-0.339554514866013,609.1125872578357
-0.4724087110978088,0.04399442869239559,-0.16489324535942682,-0.2964912153970674,590.2973779546154
-0.5508483124335957,0.047167807212113874,-0.02430040344341692,-0.30343445233617183,579.7050647540377
-0.5552077593551128,0.045904399180338944,-0.1156097494131027,-0.2940753806149925,579.6527746351226
-0.4649185348126071,0.04812217696467816,-0.14374650462821642,-0.2741962662527101,559.4606486976057
-0.4586571525158613,0.04538632997264327,-0.05515965791372607,-0.3535498080051216,571.9301258424132
-0.49123951223840273,0.04834419054183628,-0.0991804007343524,-0.27468205948621693,564.5615964740728
-0.446380074216432,0.051726719522543534,-0.09114890357878347,-0.3152453180062573,551.2890258459088
-0.4689207012608661,0.04272076319570665,-0.09664315144220116,-0.26106629551033855,542.8296496729986
-0.4665429077451028,0.04655883611586671,-0.10138566413593923,-0.3387231867182611,577.6841200009235
-0.34252588606357126,0.04319252382367768,-0.0766011017026166,-0.24835535689862284,573.0888396278831
-0.48130434722089255,0.04364903824169858,-0.09642319991484566,-0.28773107660113734,613.2024041313003
-0.48553713411920857,0.04725314846757186,-0.07040741673256658,-0.3676410335195045,632.5529860942225
-0.44598111831527937,0.0436907474941145,-0.14583570490543638,-0.36274044599785427,530.3176984623394
-0.4868706321721424,0.04768984538524339,-0.07985623405385127,-0.3215926251817522,551.7837531101638
-0.4586433251824613,0.04503483473786357,-0.029437351324497936,-0.36735962679359735,532.4086884651641
-0.504912782773518,0.044622593739550534,-0.11052700323406102,-0.2847351544499448,572.0731397117705
-0.512984553445977,0.05086491864887068,-0.0363975488082987,-0.3543594491250623,590.4132422602361
-0.4791178810261805,0.045506434645362547,-0.0639411348278272,-0.32741416202998813,526.609727267571
-0.45368936128452275,0.04379177024513525,-0.1200168206968395,-0.3923677738844739,574.9779704613351
-0.41991482350613424,0.04677107881372121,-0.02378625030624503,-0.3308746437813789,535.7209737509534
-0.49457704872098107,0.047103647317474705,-0.01840732181836925,-0.36930904531539394,563.3985462990154
-0.5061245899172268,0.04835159558181829,-0.17506639420241005,-0.39122673796100316,554.7921298083793
-0.4543665108430576,0.044351267029230944,-0.09753838312900318,-0.37556099717655406,556.8278451350194
-0.4337926605933827,0.05054876114327108,-0.15270375525446905,-0.3545421466774382,530.7422963939257
-0.44738087871307575,0.045346821931203034,-0.0039686722495941434,-0.3325165509515296,560.2105988546972
-0.46155021984812417,0.046938144178066056,-0.1607076143651917,-0.338205388424004,542.3884331626791
-0.49511295480335826,0.04726457942083521,-0.017528205131878263,-0.23389185326499884,583.3940524640335
-0.4604526249482524,0.048229765045274604,-0.17398728693598714,-0.2253393653180939,564.1580658062567
-0.4780784501961371,0.05316366989551586,-0.03914134513953081,-0.30100056573171746,531.6950154182827
-0.4933244540240823,0.044810026121934354,-0.08864268860670195,-0.23820498316399252,603.8535798402954
-0.4199117444850737,0.04815935350300092,-0.08194451836080523,-0.250895351629099,553.488451575412
-0.4031765018522493,0.04934859016516843,-0.08991960793609038,-0.34473111344637436,583.6849852143562
-0.4722778410933196,0.050418642805449415,-0.11154167972461304,-0.316334180094793,626.8780749464313
-0.46895904777601194,0.047365287650624026,-0.08762845980389843,-0.3565647737725382,568.4023395573395
-0.3601186040647491,0.04599453828308136,-0.14696753453727257,-0.3706740351393794,547.1583041671493
-0.4780415610861036,0.048009100222552635,-0.09170842234671675,-0.28469992198223987,583.1873112174521
-0.5018840284013601,0.048058196838166416,-0.11464548191991479,-0.35027618029469104,554.6057129631486
-0.49207229810994585,0.04925366089210252,-0.046913540331550777,-0.32429853378611634,597.253300797791
-0.4891915874886997,0.04886840180501807,-0.03665684590708126,-0.32715007601289603,558.8006425085842
-0.4241981606339994,0.04611205375235519,0.008195337421979296,-0.2873665584284133,568.8503078649268
-0.4426065464781629,0.04452668700615815,-0.07140007647295117,-0.2825429563386596,609.3013822178044
-0.5187039376900148,0.04619471844221524,-0.010894968856885207,-0.3188264208356771,612.5044253980633
-0.5355277022017226,0.048108363559737244,-0.1230067292448043,-0.36741572263759376,591.2993416253302
-0.5517935165336885,0.04827961562943712,-0.14240335859691156,-0.2941724645090939,578.6152645758882
-0.4333500595241826,0.04127420431144177,-0.16347766832318678,-0.33439005064507055,579.793516136371
-0.49752651579898866,0.04266857862393346,-0.022602409962361875,-0.2958173643999589,588.5390128585004
-0.5418404206884643,0.04750425520812309,-0.10043353970565197,-0.31685890471655004,591.3965933410728
-0.4915043279732013,0.0471011192197866,-0.04530433854886742,-0.2748023899486565,591.8691263650181
-0.4184770965425989,0.050835513002501755,-0.05746275823391955,-0.36286843985123185,524.523437643234
-0.49688733764335186,0.046723388059673444,-0.0926955397851587,-0.2715488970487313,582.4139558735645
-0.4596179676489372,0.043649491919536196,-0.003462731347259093,-0.30891813423069725,543.1709027692445
-0.4555592670091655,0.04741599855447656,-0.04731653258617597,-0.26610208188915024,574.2942859308355
-0.45542739599631393,0.05046540227754374,-0.07986789780571674,-0.3511265504141754,607.2584005647723
-0.4504174189631143,0.052454664193707014,-0.05755107707387083,-0.314130811519342,595.0338463569495
-0.42653912816768613,0.04573138978671145,-0.1649214350791267,-0.2961985907555735,565.8955150258485
-0.5384272403540656,0.04752392402942523,-0.10391399927714964,-0.29620630705113654,572.6077734823606
-0.3845062374852065,0.04452716686784541,-0.05800757293302297,-0.28112023773059236,568.3923678370121
-0.4831719718067419,0.04780594129513011,-0.07387904741086887,-0.3039367754808265,594.8846371761526
-0.43231482488307527,0.04450458570556178,-0.007921744209194906,-0.3734270697534744,567.7166915765284
-0.42807410153586484,0.050537643040446625,-0.11410332573670946,-0.3580290352479381,607.6029805009607
-0.4479995834114102,0.04460380744744861,-0.07118138167741847,-0.3710087259801185,577.1543740906096
-0.5266010046623236,0.04727255739982361,-0.16928569712630162,-0.31564751134049374,608.5606468926811
-0.418647710380565,0.053287164904088996,-0.05861826822049641,-0.3350561074745581,569.4100158622804
-0.4658706639852599,0.04972602338408835,-0.06806998224005427,-0.3216320262218757,580.964588195947
-0.4348311266285968,0.04724402847513473,-0.03462377453257742,-0.32143150657787845,574.5961669722298
-0.4939271954885462,0.05340015369643366,-0.15747870070984174,-0.24499825960715518,547.8005688458248
-0.4793908043237122,0.04883730613406458,-0.0007288150306273139,-0.3260961268444279,575.3036040199544
-0.41348351771334374,0.04486400747615126,-0.0589768100439329,-0.35000932873716023,552.210609278578
-0.4478242154154772,0.045691319585459036,-0.10286365767049747,-0.39463322690521674,557.0081515174899
-0.46176807828556243,0.04695729740421409,-0.18157184883526678,-0.32121237746331316,549.8802238786282
-0.43192547380439295,0.04680847638171623,-0.0914099095953316,-0.29320772002615886,590.1976455166744
-0.5381335491997074,0.04911548143334773,-0.13979478037876752,-0.29374545425739684,569.0305222271872
-0.5243584550251523,0.050806296537827166,-0.09237210451625574,-0.2859763784595293,592.3766779679638
-0.5081797322436722,0.04559717361741992,-0.09019328079027564,-0.25539664456007094,590.6668251397174
-0.4681268405875946,0.05188864621899601,-0.1415648637523845,-0.29370927482412085,560.1468696307577
-0.5304453551422298,0.04483843961525256,-0.04572751777071828,-0.29988954493136766,539.9359828789605
-0.4052335897223289,0.048204636773047364,-0.07421134717886337,-0.3973643071957308,539.7081107617909
